#pragma once
#include <cstdint>

// Generated by scripts/generate_mascot.py. Row-major, MSB-first; 0 = ink.
static constexpr int MASCOT_WIDTH = 224;
static constexpr int MASCOT_HEIGHT = 336;
static constexpr uint8_t MASCOT_BITMAP[] = {
    0xff, 0xff, 0xff, 0xff, 0xff, 0xff, 0xff, 0xff, 0xff, 0xff, 0xff, 0xff, 0xff, 0xff, 0xff, 0xff, 0xff, 0xff, 0xff,
    0xff, 0xff, 0xff, 0xff, 0xff, 0xff, 0xff, 0xff, 0xff, 0xff, 0xff, 0xff, 0xff, 0xff, 0xff, 0xff, 0xff, 0xff, 0xff,
    0xff, 0xff, 0xff, 0xff, 0xff, 0xff, 0xff, 0xff, 0xff, 0xff, 0xff, 0xff, 0xff, 0xff, 0xff, 0xff, 0xff, 0xff, 0xff,
    0xff, 0xff, 0xff, 0xff, 0xff, 0xff, 0xff, 0xff, 0xff, 0xff, 0xff, 0xff, 0xff, 0xff, 0xff, 0xff, 0xff, 0xff, 0xff,
    0xff, 0xff, 0xff, 0xff, 0xff, 0xff, 0xff, 0xff, 0xff, 0xff, 0xff, 0xff, 0xff, 0xff, 0xff, 0xff, 0xff, 0xff, 0xff,
    0xff, 0x80, 0x17, 0xff, 0xff, 0xff, 0xff, 0xff, 0xff, 0xff, 0xff, 0xff, 0xff, 0xff, 0xff, 0xff, 0xff, 0xff, 0xff,
    0xff, 0xff, 0xff, 0xff, 0xff, 0xff, 0xff, 0xff, 0xfe, 0xb8, 0x7f, 0xf0, 0x7f, 0xff, 0xff, 0xff, 0xff, 0xff, 0xff,
    0xff, 0xff, 0xff, 0xff, 0xff, 0xff, 0xff, 0xff, 0xff, 0xff, 0xff, 0xff, 0xff, 0xff, 0xff, 0xff, 0xff, 0xc2, 0xc7,
    0xff, 0xff, 0x8f, 0xff, 0xff, 0xff, 0xff, 0xff, 0xff, 0xff, 0xff, 0xff, 0xff, 0xff, 0xff, 0xff, 0xff, 0xff, 0xff,
    0xff, 0xff, 0xff, 0xff, 0xff, 0xff, 0xf8, 0x3f, 0xef, 0xab, 0xbf, 0xf1, 0xff, 0xff, 0xff, 0xff, 0xff, 0xff, 0xff,
    0xff, 0xff, 0xff, 0xff, 0xff, 0xff, 0xff, 0xff, 0xff, 0xff, 0xff, 0xff, 0xff, 0xff, 0xff, 0x87, 0xdf, 0x9d, 0xfe,
    0xef, 0xfe, 0x3f, 0xff, 0xff, 0xff, 0xff, 0xff, 0xff, 0xff, 0xff, 0xff, 0xff, 0xff, 0xff, 0xff, 0xff, 0xff, 0xff,
    0xff, 0xff, 0xff, 0xff, 0xfc, 0x7f, 0x75, 0x77, 0x7f, 0xfa, 0xff, 0xcf, 0xff, 0xff, 0xff, 0xff, 0xff, 0xff, 0xff,
    0xff, 0xff, 0xff, 0xff, 0xff, 0xff, 0xff, 0xff, 0xff, 0xff, 0xff, 0xff, 0xff, 0xf3, 0xff, 0xff, 0x5f, 0xef, 0xbf,
    0xb7, 0xf3, 0xff, 0xff, 0xff, 0xff, 0xff, 0xff, 0xff, 0xff, 0xff, 0xff, 0xff, 0xff, 0xff, 0xff, 0xff, 0xff, 0xff,
    0xff, 0xff, 0xff, 0xcf, 0xaa, 0xd5, 0xbb, 0x7a, 0xff, 0xff, 0xfc, 0xff, 0xff, 0xff, 0xff, 0xff, 0xff, 0xff, 0xff,
    0xff, 0xff, 0xff, 0xff, 0xff, 0xff, 0xff, 0xff, 0xff, 0xff, 0xff, 0xff, 0x3e, 0xff, 0xf6, 0xef, 0xff, 0xed, 0xee,
    0xdf, 0x3f, 0xff, 0xff, 0xff, 0xff, 0xff, 0xff, 0xff, 0xff, 0xff, 0xff, 0xff, 0xff, 0xff, 0xff, 0xff, 0xff, 0xff,
    0xff, 0xfc, 0xfb, 0xff, 0xbb, 0x7d, 0x0f, 0xff, 0xbb, 0xff, 0xdf, 0xff, 0xff, 0xff, 0xff, 0xff, 0xff, 0xff, 0xff,
    0xff, 0xff, 0xff, 0xff, 0xff, 0xff, 0xff, 0xff, 0xff, 0xff, 0xf3, 0xef, 0x6d, 0xed, 0xd8, 0xe1, 0xee, 0xfe, 0xfb,
    0xe7, 0xff, 0xff, 0xff, 0xff, 0xff, 0xff, 0xff, 0xff, 0xff, 0xff, 0xff, 0xff, 0xff, 0xff, 0xff, 0xff, 0xff, 0xff,
    0xef, 0xdd, 0xff, 0xfb, 0x73, 0x1c, 0x3f, 0xff, 0xbf, 0xfb, 0xff, 0xff, 0xff, 0xff, 0xff, 0xff, 0xff, 0xff, 0xff,
    0xff, 0xff, 0xff, 0xff, 0xff, 0xff, 0xff, 0xff, 0xff, 0x9f, 0x7f, 0xde, 0xbf, 0xcd, 0x63, 0x9f, 0xdf, 0xef, 0x7d,
    0xff, 0xff, 0xff, 0xff, 0xff, 0xff, 0xff, 0xff, 0xff, 0xff, 0xff, 0xff, 0xff, 0xff, 0xff, 0xff, 0xff, 0xff, 0x7b,
    0x77, 0x70, 0x4a, 0xfb, 0xfc, 0x46, 0xfb, 0xfd, 0xfe, 0x7f, 0xff, 0xff, 0xff, 0xff, 0xff, 0xff, 0xff, 0xff, 0xff,
    0xff, 0xff, 0xff, 0xff, 0xff, 0xff, 0xff, 0xfe, 0xee, 0xfd, 0xcb, 0x2f, 0xbd, 0x7f, 0xd3, 0xfe, 0xf7, 0xff, 0xbf,
    0xff, 0xff, 0xff, 0xff, 0xff, 0xff, 0xff, 0xff, 0xff, 0xff, 0xff, 0xff, 0xff, 0xff, 0xff, 0xff, 0xf9, 0xbb, 0xdf,
    0xb4, 0xfd, 0xdf, 0xcf, 0xf4, 0xef, 0xdf, 0xdf, 0xdf, 0xff, 0xff, 0xff, 0xff, 0xff, 0xff, 0xff, 0xff, 0xff, 0xff,
    0xff, 0xff, 0xff, 0xff, 0xff, 0xff, 0xf7, 0xff, 0xfb, 0x47, 0xd7, 0xe7, 0x7b, 0xfc, 0xff, 0x7e, 0xff, 0xef, 0xff,
    0xff, 0xff, 0xff, 0xff, 0xff, 0xff, 0xff, 0xff, 0xff, 0xff, 0xff, 0xff, 0xff, 0xff, 0xff, 0xed, 0xed, 0xbe, 0x5f,
    0xbd, 0xfb, 0xfe, 0xdf, 0x3b, 0xfb, 0xff, 0xf7, 0xff, 0xff, 0xff, 0xff, 0xff, 0xff, 0xff, 0xff, 0xff, 0xff, 0xff,
    0xff, 0xff, 0xff, 0xff, 0xff, 0xdb, 0xbf, 0xfd, 0x3d, 0xbb, 0x7d, 0xbb, 0xbf, 0x9f, 0xef, 0xb7, 0xfb, 0xff, 0xff,
    0xff, 0xff, 0xff, 0xff, 0xff, 0xff, 0xff, 0xff, 0xff, 0xff, 0xff, 0xff, 0xff, 0xff, 0xb7, 0xdb, 0x70, 0xf7, 0x77,
    0xde, 0xef, 0xf6, 0xce, 0xff, 0xdf, 0xfd, 0xff, 0xff, 0xff, 0xff, 0xff, 0xff, 0xff, 0xff, 0xff, 0xff, 0xff, 0xff,
    0xff, 0xff, 0xff, 0xff, 0x7f, 0x7f, 0xf5, 0xfe, 0xf7, 0x77, 0xff, 0x7f, 0xf7, 0xbd, 0xff, 0xfe, 0xff, 0xff, 0xff,
    0xff, 0xff, 0xff, 0xff, 0xff, 0xff, 0xff, 0xff, 0xff, 0xff, 0xff, 0xff, 0xfe, 0xdb, 0x76, 0xe7, 0xd5, 0xdf, 0xfe,
    0xbd, 0xeb, 0xf3, 0xf7, 0xf7, 0xff, 0x7f, 0xff, 0xff, 0xff, 0xff, 0xff, 0xff, 0xff, 0xff, 0xff, 0xff, 0xff, 0xff,
    0xff, 0xff, 0xfd, 0xfe, 0xff, 0xd7, 0x7d, 0xf6, 0xdf, 0xf7, 0xfe, 0xdd, 0xff, 0xff, 0xff, 0xbf, 0xff, 0xff, 0xff,
    0xff, 0xff, 0xff, 0xff, 0xff, 0xff, 0xff, 0xff, 0xff, 0xff, 0xff, 0xfb, 0x5d, 0xee, 0xcf, 0xff, 0xbf, 0xf6, 0xbf,
    0x7f, 0xfc, 0xde, 0xfb, 0xff, 0xdf, 0xff, 0xff, 0xff, 0xff, 0xff, 0xff, 0xff, 0xff, 0xff, 0xff, 0xff, 0xff, 0xff,
    0xff, 0xf6, 0xfb, 0xfb, 0x9d, 0xdb, 0xed, 0xdf, 0xdd, 0xdb, 0x7f, 0x7b, 0xff, 0xff, 0xcf, 0xff, 0xff, 0xff, 0xff,
    0xff, 0xff, 0xff, 0xff, 0xff, 0xff, 0xff, 0xff, 0xff, 0xff, 0xed, 0xef, 0xbf, 0xbf, 0xf6, 0xff, 0x7f, 0xff, 0xff,
    0xdf, 0x7f, 0xfe, 0xfb, 0xef, 0xff, 0xff, 0xff, 0xff, 0xff, 0xff, 0xff, 0xff, 0xff, 0xff, 0xff, 0xff, 0xff, 0xff,
    0xcf, 0xb7, 0xef, 0x7e, 0xdf, 0xaf, 0xfb, 0x6e, 0xee, 0xfb, 0xbf, 0x7f, 0xdf, 0x77, 0xff, 0xff, 0xff, 0xff, 0xff,
    0xff, 0xff, 0xff, 0xff, 0xff, 0xff, 0xff, 0xff, 0xff, 0xda, 0xfe, 0xfe, 0x77, 0xf6, 0xfb, 0xdf, 0xf7, 0xfb, 0xef,
    0xdf, 0xff, 0x7f, 0xfb, 0xff, 0xff, 0xff, 0xff, 0xff, 0xff, 0xff, 0xff, 0xff, 0xff, 0xff, 0xff, 0xff, 0xff, 0xb7,
    0xef, 0xda, 0xfd, 0xaf, 0xef, 0x7d, 0xdf, 0x7f, 0xff, 0xcf, 0xff, 0xf6, 0xfd, 0xff, 0xff, 0xff, 0xff, 0xff, 0xff,
    0xff, 0xff, 0xff, 0xff, 0xff, 0xff, 0xff, 0xff, 0x6f, 0x5f, 0x7d, 0xdf, 0xfd, 0xff, 0xf7, 0xfb, 0xdf, 0x7b, 0xf7,
    0xde, 0xdf, 0xdd, 0xff, 0xff, 0xff, 0xff, 0xff, 0xff, 0xff, 0xff, 0xff, 0xff, 0xff, 0xff, 0xff, 0xfe, 0xdb, 0xfb,
    0xfd, 0xf7, 0x6f, 0xb6, 0xdf, 0x7b, 0xf7, 0xfe, 0xf7, 0xff, 0xff, 0x7e, 0xff, 0xff, 0xff, 0xff, 0xff, 0xff, 0xff,
    0xff, 0xff, 0xff, 0xff, 0xff, 0xff, 0xfe, 0xef, 0xbf, 0xeb, 0xff, 0xde, 0xff, 0xfd, 0xef, 0x7d, 0xff, 0xfb, 0xfb,
    0xed, 0xf7, 0x7f, 0xff, 0xff, 0xff, 0xff, 0xff, 0xff, 0xff, 0xff, 0xff, 0xff, 0xff, 0xff, 0xfd, 0xbd, 0x77, 0x7b,
    0xbb, 0xdb, 0xed, 0xf7, 0xfd, 0xef, 0xbf, 0x7b, 0xef, 0x77, 0xdf, 0x7f, 0xff, 0xff, 0xff, 0xff, 0xff, 0xff, 0xff,
    0xff, 0xff, 0xff, 0xff, 0xff, 0xfb, 0x6f, 0xff, 0xf7, 0xfe, 0xdf, 0xff, 0x7f, 0xbe, 0xff, 0xff, 0xfd, 0xff, 0xff,
    0x7b, 0xbf, 0xff, 0xff, 0xff, 0xff, 0xff, 0xff, 0xff, 0xff, 0xff, 0xff, 0xff, 0xff, 0xfb, 0xbe, 0xdd, 0xf7, 0xdb,
    0xdf, 0x6f, 0xdd, 0xfb, 0xfd, 0xff, 0xde, 0xdd, 0xdb, 0xff, 0xdf, 0xff, 0xff, 0xff, 0xff, 0xff, 0xff, 0xff, 0xff,
    0xff, 0xff, 0xff, 0xff, 0xf6, 0xf6, 0xf7, 0xb7, 0xff, 0xbd, 0xf6, 0xff, 0xde, 0xdf, 0x7f, 0xfe, 0xff, 0xff, 0xdd,
    0xdf, 0xff, 0xff, 0xff, 0xff, 0xff, 0xff, 0xff, 0xff, 0xff, 0xff, 0xff, 0xff, 0xf6, 0xbd, 0xbf, 0xef, 0xff, 0xbf,
    0xbf, 0xee, 0xff, 0x7f, 0xff, 0x6f, 0x77, 0x7d, 0x7e, 0xef, 0xff, 0xff, 0xff, 0xff, 0xff, 0xff, 0xff, 0xff, 0xff,
    0xff, 0xff, 0xff, 0xed, 0xed, 0xfb, 0x6f, 0xdd, 0xbe, 0xf7, 0x7f, 0xff, 0x7f, 0xbf, 0xfb, 0x7f, 0xd7, 0xf7, 0xaf,
    0xff, 0xff, 0xff, 0xff, 0xff, 0xff, 0xff, 0xff, 0xff, 0xff, 0xff, 0xff, 0xeb, 0x7b, 0xdf, 0xdf, 0xff, 0xbb, 0xff,
    0xf7, 0xdf, 0x3f, 0xfd, 0xff, 0xbb, 0x7e, 0xdf, 0xf7, 0xff, 0xff, 0xff, 0xff, 0xff, 0xff, 0xff, 0xff, 0xff, 0xff,
    0xff, 0xff, 0xde, 0xeb, 0x7b, 0xdf, 0xbf, 0x7f, 0xf7, 0xff, 0xff, 0xbf, 0xdf, 0xab, 0xff, 0xfb, 0xfb, 0xbb, 0xff,
    0xff, 0xff, 0xff, 0xff, 0xff, 0xff, 0xff, 0xff, 0xff, 0xff, 0xff, 0xb5, 0xb7, 0xee, 0xdd, 0xfb, 0xbf, 0xbb, 0xff,
    0xff, 0xb7, 0xfe, 0xff, 0x9b, 0xbf, 0x7e, 0xdb, 0xff, 0xff, 0xff, 0xff, 0xff, 0xff, 0xff, 0xff, 0xff, 0xff, 0xff,
    0xff, 0xb2, 0x56, 0xff, 0xbf, 0xff, 0x7f, 0xff, 0x7f, 0xde, 0x9f, 0x77, 0xfd, 0xfe, 0xed, 0xef, 0xed, 0xff, 0xff,
    0xff, 0xff, 0xff, 0xff, 0xff, 0xff, 0xff, 0xff, 0xff, 0xff, 0xa6, 0xef, 0xb7, 0xbb, 0xbf, 0x7b, 0xdb, 0xff, 0xff,
    0xdd, 0xfd, 0xde, 0xdb, 0xff, 0xbb, 0xfd, 0xff, 0xff, 0xff, 0xff, 0xff, 0xff, 0xff, 0xff, 0xff, 0xff, 0xff, 0xff,
    0x6f, 0xe6, 0xfd, 0xfe, 0xf7, 0x6f, 0xff, 0xfe, 0xef, 0xcf, 0xdb, 0xf7, 0xef, 0xbb, 0xfe, 0xf6, 0xff, 0xff, 0xff,
    0xff, 0xff, 0xff, 0xff, 0xff, 0xff, 0xff, 0xff, 0xff, 0x5f, 0xf7, 0xdf, 0x6f, 0xfe, 0x7f, 0xdd, 0xff, 0xfd, 0xcf,
    0x7f, 0x7e, 0xf7, 0xfe, 0xdb, 0xba, 0xff, 0xff, 0xff, 0xff, 0xff, 0xff, 0xff, 0xff, 0xff, 0xff, 0xff, 0xfe, 0xdf,
    0xf5, 0xf7, 0x7b, 0xbb, 0x7d, 0xff, 0xff, 0xf7, 0xe7, 0xf7, 0xdb, 0xb6, 0xdb, 0xff, 0xef, 0x7f, 0xff, 0xff, 0xff,
    0xff, 0xff, 0xff, 0xff, 0xff, 0xff, 0xff, 0xfe, 0x9f, 0xf7, 0xff, 0x6f, 0xef, 0x6f, 0xee, 0xdf, 0xbf, 0x45, 0xdd,
    0xff, 0xff, 0xff, 0xad, 0xbd, 0x7f, 0xff, 0xff, 0xff, 0xff, 0xff, 0xff, 0xff, 0xff, 0xff, 0xff, 0xfd, 0xdf, 0xf4,
    0x1b, 0xfe, 0xfd, 0x7e, 0xff, 0xfb, 0xfb, 0xfb, 0xfe, 0xdd, 0xb3, 0x6e, 0xff, 0xfd, 0x7f, 0xff, 0xff, 0xff, 0xff,
    0xff, 0xff, 0xff, 0xff, 0xff, 0xff, 0xfc, 0x1f, 0x73, 0xee, 0xdb, 0xbe, 0x77, 0xae, 0xee, 0xdf, 0xe9, 0xb7, 0xf7,
    0xef, 0xfb, 0xed, 0xde, 0xbf, 0xff, 0xff, 0xff, 0xff, 0xff, 0xff, 0xff, 0xff, 0xff, 0xff, 0xf3, 0x9d, 0xef, 0xf6,
    0xff, 0xee, 0x7d, 0xfb, 0xbf, 0xfa, 0xec, 0xff, 0x7e, 0xfb, 0x6f, 0xb7, 0x77, 0xbf, 0xff, 0xff, 0xff, 0xff, 0xff,
    0xff, 0xff, 0xff, 0xff, 0xff, 0xef, 0xef, 0xff, 0xe7, 0xbb, 0x7a, 0x77, 0xf7, 0x7d, 0xef, 0xb6, 0xed, 0xb7, 0xad,
    0xfe, 0xff, 0xff, 0x9f, 0xff, 0xff, 0xff, 0xff, 0xff, 0xff, 0xff, 0xff, 0xff, 0xff, 0xff, 0xff, 0xbf, 0xed, 0xef,
    0xfe, 0x7f, 0x7b, 0xef, 0xbd, 0xf7, 0x7f, 0xdf, 0xfd, 0xdb, 0xeb, 0xb6, 0xdf, 0xff, 0xff, 0xff, 0xff, 0xff, 0xff,
    0xff, 0xff, 0xff, 0xff, 0xef, 0xfb, 0x77, 0xf6, 0xfe, 0xd8, 0xbb, 0xdf, 0xbe, 0xff, 0xd7, 0x3b, 0xfd, 0xf6, 0xff,
    0xbe, 0xff, 0xcf, 0xff, 0xff, 0xff, 0xff, 0xff, 0xff, 0xff, 0xff, 0xff, 0xff, 0xef, 0xbd, 0xdf, 0xfb, 0xbb, 0xfd,
    0x7e, 0xfb, 0xf7, 0xed, 0x77, 0xbf, 0x57, 0x5e, 0xee, 0xfb, 0xdb, 0x6f, 0xff, 0xff, 0xff, 0xff, 0xff, 0xff, 0xff,
    0xff, 0xff, 0xff, 0xdf, 0xf6, 0xfe, 0xf5, 0xef, 0x69, 0x6f, 0xdd, 0xbf, 0x7f, 0xf7, 0xdf, 0xef, 0xfb, 0x7b, 0xef,
    0xf7, 0xe7, 0xff, 0xff, 0xff, 0xff, 0xff, 0xff, 0xff, 0xff, 0xff, 0xff, 0xdf, 0xdb, 0xdb, 0xe5, 0xbf, 0xfb, 0xbb,
    0x7e, 0xed, 0xed, 0xbb, 0xc4, 0x77, 0x7d, 0x7f, 0xbd, 0x7e, 0xf7, 0xff, 0xff, 0xff, 0xff, 0xff, 0xff, 0xff, 0xff,
    0xff, 0xff, 0xde, 0xfb, 0x7f, 0xcf, 0xfa, 0xdb, 0x3f, 0xf7, 0x7f, 0xbe, 0xfa, 0x27, 0xa5, 0xef, 0x6d, 0xf7, 0xdb,
    0xdb, 0xff, 0xff, 0xff, 0xff, 0xff, 0xff, 0xff, 0xff, 0xff, 0xff, 0xcf, 0xd6, 0xdb, 0x1b, 0x6f, 0xf3, 0xba, 0xdf,
    0x76, 0xfb, 0xf3, 0xfb, 0xfb, 0x7d, 0x7f, 0xbe, 0xfd, 0xfd, 0xff, 0xf1, 0xff, 0xff, 0xff, 0xff, 0xff, 0xff, 0xff,
    0xff, 0xb3, 0x7d, 0xfc, 0x6d, 0xfe, 0xf7, 0xbf, 0xfb, 0xbb, 0xee, 0xdb, 0xfb, 0xf9, 0xdf, 0xbb, 0xfb, 0xdd, 0xbe,
    0xff, 0xee, 0x7f, 0xff, 0xff, 0xff, 0xff, 0xff, 0xff, 0xff, 0x68, 0xfb, 0x6e, 0xbb, 0xb7, 0xb7, 0xba, 0xdf, 0xdf,
    0xff, 0xfb, 0xfd, 0xbd, 0xf6, 0xbe, 0xde, 0xf6, 0xf7, 0x7f, 0xef, 0x7f, 0xff, 0xff, 0xff, 0xff, 0xff, 0xff, 0xff,
    0x59, 0xef, 0xfe, 0x7e, 0xfd, 0xe7, 0xdf, 0xfb, 0x6d, 0xba, 0xdb, 0xfe, 0xf4, 0xff, 0xb7, 0xf7, 0x7f, 0x7d, 0x7f,
    0xce, 0x7f, 0xff, 0xff, 0xff, 0xff, 0xff, 0xff, 0xff, 0xe3, 0xfd, 0xbb, 0x7b, 0xdf, 0xbf, 0xde, 0xdf, 0xf6, 0xef,
    0x7f, 0xff, 0x7f, 0x6d, 0xbe, 0xdd, 0xdd, 0xb7, 0xbf, 0xe9, 0x7f, 0xff, 0xff, 0xff, 0xff, 0xff, 0xff, 0xfe, 0xa7,
    0xff, 0xff, 0x6b, 0x75, 0xef, 0xdb, 0x7b, 0x7b, 0xff, 0x7b, 0xff, 0xbe, 0xbf, 0x9b, 0xff, 0x77, 0x9f, 0xdf, 0xe5,
    0x7f, 0xff, 0xff, 0xff, 0xff, 0xff, 0xff, 0xfd, 0xd7, 0xb5, 0xef, 0xbb, 0xff, 0x6f, 0xdf, 0xef, 0xde, 0xbb, 0x7b,
    0xff, 0xdb, 0x9d, 0xdf, 0xbb, 0xbf, 0xce, 0xef, 0xe8, 0xff, 0xff, 0xff, 0xff, 0xff, 0xff, 0xff, 0xfd, 0xb7, 0xfd,
    0xff, 0x7b, 0xbd, 0xde, 0x4b, 0x7d, 0xff, 0xdf, 0x6f, 0xff, 0xef, 0x6f, 0xbe, 0xee, 0xfa, 0xe7, 0xf7, 0xe1, 0xff,
    0xff, 0xff, 0xff, 0xff, 0xff, 0xff, 0xfb, 0xa7, 0xfd, 0xff, 0x6e, 0xef, 0xd9, 0xef, 0xbf, 0xb5, 0xf7, 0x3b, 0xff,
    0xff, 0xee, 0xcf, 0xff, 0xbf, 0xdb, 0xbb, 0xc8, 0x0f, 0xff, 0xff, 0xff, 0xff, 0xff, 0xff, 0xfb, 0x6b, 0xf8, 0xdb,
    0x7b, 0xfb, 0x57, 0xef, 0xb6, 0xff, 0x7f, 0x3f, 0xff, 0xfb, 0x73, 0xdb, 0x76, 0xd7, 0x68, 0xfb, 0xd9, 0x21, 0xff,
    0xff, 0xff, 0xff, 0xff, 0xff, 0xfe, 0xe8, 0xf2, 0x78, 0x76, 0xdd, 0xcf, 0xf6, 0xbf, 0xff, 0xed, 0xbb, 0xfb, 0xff,
    0xfd, 0xef, 0xdf, 0xfd, 0xf6, 0x7d, 0xd2, 0x48, 0x7f, 0xff, 0xff, 0xff, 0xff, 0xff, 0xf6, 0xee, 0xc5, 0x1b, 0xdb,
    0xfb, 0xbf, 0xff, 0x9d, 0xb6, 0xff, 0x7f, 0xff, 0xfe, 0xfd, 0xae, 0xfb, 0x5f, 0xfa, 0xb6, 0xb0, 0x25, 0x1f, 0xff,
    0xff, 0xff, 0xff, 0xff, 0xf5, 0xd4, 0x0f, 0x23, 0xfb, 0x6e, 0xbf, 0xf7, 0xdf, 0xff, 0xbf, 0x5b, 0xff, 0x00, 0x1e,
    0xef, 0xdf, 0xdb, 0x5a, 0xcf, 0x35, 0x15, 0x47, 0xff, 0xff, 0xff, 0xff, 0xff, 0xef, 0xd7, 0xaf, 0xbe, 0xdb, 0xf9,
    0xbf, 0xfb, 0xce, 0xdb, 0xf7, 0x7f, 0xf0, 0x2f, 0xa3, 0x6d, 0xfb, 0x6f, 0xfd, 0x77, 0x20, 0xa2, 0x53, 0xff, 0xff,
    0xff, 0xff, 0xff, 0xfb, 0xd5, 0x71, 0x9b, 0xfb, 0x7b, 0xff, 0xfe, 0xef, 0xff, 0xbf, 0x5b, 0xc3, 0xff, 0xb8, 0xb7,
    0x5f, 0xed, 0xb6, 0xbb, 0x64, 0x09, 0x29, 0xff, 0xff, 0xff, 0xff, 0xff, 0xd7, 0xdb, 0x71, 0xdf, 0x75, 0xdb, 0xbf,
    0xbd, 0xd7, 0x7d, 0xed, 0xff, 0x8f, 0xc0, 0x3e, 0x4f, 0xf6, 0xef, 0xfe, 0xbd, 0x5f, 0xe5, 0x44, 0xff, 0xff, 0xff,
    0xff, 0xff, 0xf7, 0xcd, 0x75, 0xef, 0xdb, 0xe9, 0xff, 0xff, 0xf7, 0xb7, 0xff, 0x6a, 0x3e, 0x00, 0x1f, 0x26, 0xff,
    0xae, 0xb7, 0x3e, 0x5f, 0xfc, 0xa8, 0x7f, 0xff, 0xff, 0xff, 0xff, 0xdf, 0x9b, 0x11, 0xdd, 0xfb, 0xbb, 0x7f, 0xfe,
    0xdb, 0xdf, 0xb7, 0xfe, 0xf8, 0x20, 0x07, 0xd7, 0xdb, 0xf7, 0xff, 0x9e, 0xdf, 0xff, 0x12, 0x3f, 0xff, 0xff, 0xff,
    0xff, 0xdf, 0xb5, 0xc4, 0x1f, 0x7b, 0xfb, 0xff, 0xff, 0x6d, 0xef, 0xfe, 0xe9, 0xf1, 0x00, 0x01, 0xc7, 0x6e, 0xf6,
    0xb6, 0xde, 0xbf, 0xff, 0xc9, 0x1f, 0xff, 0xff, 0xff, 0xff, 0xbf, 0xae, 0x95, 0x75, 0xda, 0xd3, 0x7d, 0xff, 0xfe,
    0xe6, 0xf7, 0xfb, 0xe0, 0x00, 0x00, 0x63, 0xff, 0xb3, 0xff, 0xdd, 0xbe, 0xff, 0xe4, 0x47, 0xff, 0xff, 0xff, 0xff,
    0xdf, 0xb5, 0xb5, 0x7f, 0xfb, 0xf7, 0xff, 0xff, 0xb7, 0x77, 0xdd, 0xe7, 0xc0, 0x48, 0x80, 0x70, 0x6d, 0xf3, 0xb6,
    0xed, 0xbf, 0xff, 0xf2, 0x13, 0xff, 0xff, 0xff, 0xff, 0xbf, 0x5b, 0x25, 0x5b, 0x6b, 0x75, 0xff, 0xfb, 0xff, 0xfb,
    0xfd, 0xe7, 0x80, 0x42, 0x60, 0x30, 0x3f, 0xbb, 0xdf, 0xed, 0x37, 0xff, 0xf9, 0x41, 0xff, 0xff, 0xff, 0xff, 0xbf,
    0x6a, 0xeb, 0x7f, 0xfb, 0xef, 0x7f, 0x00, 0x3f, 0xbe, 0x7e, 0xcf, 0xc2, 0xf0, 0x30, 0x38, 0x2d, 0xf1, 0xfb, 0x73,
    0x00, 0x7f, 0xfc, 0x14, 0xff, 0xff, 0xff, 0xff, 0xbe, 0xdb, 0x6b, 0x6d, 0xbb, 0x6d, 0xf8, 0x15, 0x03, 0xed, 0xbf,
    0xcf, 0x90, 0xfd, 0x1c, 0x18, 0xff, 0xbc, 0xdf, 0xdb, 0x00, 0x0f, 0xfe, 0x41, 0x3f, 0xff, 0xff, 0xff, 0xbd, 0xd6,
    0x6b, 0x7f, 0xeb, 0xef, 0xe1, 0xff, 0xf3, 0xff, 0xe3, 0x9f, 0x22, 0xf2, 0x1c, 0x09, 0xed, 0xfa, 0xed, 0x7a, 0x00,
    0x03, 0xff, 0x14, 0x8f, 0xff, 0xff, 0xff, 0xbd, 0xb5, 0xdb, 0x6d, 0x7a, 0xef, 0x8f, 0xff, 0xfc, 0xfa, 0xff, 0x9f,
    0xe4, 0xf0, 0x0e, 0x09, 0xbf, 0x6a, 0x7f, 0xf6, 0x20, 0x40, 0xff, 0x82, 0x47, 0xff, 0xff, 0xff, 0x9b, 0xd6, 0xcb,
    0x7f, 0xfb, 0xde, 0x3e, 0x00, 0x7e, 0x3f, 0xff, 0x9f, 0xc8, 0x02, 0x8f, 0x20, 0xeb, 0xfd, 0xb7, 0xb6, 0x02, 0x10,
    0x7f, 0xe4, 0xa8, 0x7f, 0xff, 0xff, 0xbb, 0xac, 0xdb, 0x6d, 0xbd, 0xdc, 0x70, 0x08, 0x1f, 0x9f, 0xff, 0xbf, 0xc1,
    0x20, 0x0f, 0x05, 0xef, 0xbd, 0x3d, 0xd4, 0x00, 0x44, 0x1f, 0xe1, 0x12, 0x03, 0xff, 0xff, 0xa6, 0xdb, 0x9b, 0x7f,
    0xed, 0xd9, 0xe0, 0x00, 0x1f, 0xcf, 0xff, 0xbf, 0xc4, 0x05, 0x27, 0x89, 0xfe, 0xed, 0x97, 0x6c, 0x21, 0x11, 0x0f,
    0xf8, 0xa8, 0x8b, 0xff, 0xff, 0xbf, 0xd5, 0xdb, 0x6d, 0xbd, 0xd3, 0x80, 0x00, 0x0f, 0xef, 0xff, 0xbf, 0xc1, 0x26,
    0x87, 0x99, 0xd7, 0xfc, 0xdf, 0xec, 0x04, 0x04, 0x27, 0xfc, 0x85, 0x23, 0xff, 0xff, 0xce, 0x9c, 0xbb, 0x3f, 0xfc,
    0xb7, 0x80, 0x20, 0x37, 0xe7, 0xd0, 0x3f, 0xca, 0x12, 0xcf, 0x99, 0xde, 0xd6, 0xab, 0x48, 0x80, 0x51, 0x03, 0xbf,
    0x32, 0x03, 0xff, 0xff, 0xdd, 0xb6, 0x37, 0xbb, 0x6d, 0xe7, 0x02, 0x0e, 0x0b, 0xf3, 0x00, 0x3f, 0xc7, 0x43, 0x67,
    0xb9, 0xef, 0xfe, 0xef, 0xd8, 0x01, 0x04, 0x01, 0xff, 0xc4, 0xa7, 0xff, 0xff, 0xfe, 0x2f, 0xb8, 0x7f, 0xfd, 0x8e,
    0x04, 0x0f, 0xcf, 0xf2, 0x3f, 0x3b, 0xcb, 0x27, 0xaf, 0xbb, 0xbd, 0xda, 0xb5, 0xd8, 0x10, 0x40, 0x80, 0xf7, 0xf0,
    0x13, 0xff, 0xff, 0xb5, 0xb7, 0xee, 0x6a, 0xdd, 0x1c, 0x0c, 0x6f, 0x07, 0xf8, 0xff, 0x9f, 0xed, 0x9d, 0x6f, 0x7b,
    0xdf, 0x7f, 0x67, 0x90, 0x02, 0x14, 0x10, 0x7f, 0xfe, 0x07, 0xff, 0xff, 0x7d, 0x6d, 0xee, 0xff, 0xf6, 0xb8, 0x18,
    0x8f, 0x13, 0xf9, 0xff, 0x9f, 0xee, 0xfd, 0xff, 0xf3, 0x5b, 0xf6, 0xba, 0xb2, 0x80, 0x41, 0x00, 0x1f, 0xff, 0xf7,
    0xff, 0xff, 0xf3, 0x5f, 0x7c, 0xee, 0xde, 0xb0, 0x18, 0xa2, 0x43, 0xf9, 0xff, 0xdf, 0xed, 0xf7, 0x4f, 0xf3, 0xbf,
    0xdb, 0x7b, 0xaf, 0xfc, 0x10, 0x24, 0x0f, 0xff, 0xf7, 0xff, 0xfe, 0xae, 0xdb, 0xd6, 0xfb, 0xfc, 0x3c, 0x38, 0x02,
    0x09, 0xfd, 0xff, 0xcf, 0xf7, 0x7f, 0xdf, 0xe7, 0xbd, 0xfb, 0x59, 0x2f, 0xff, 0x85, 0x00, 0x27, 0xff, 0xf7, 0xff,
    0xfe, 0xee, 0xbf, 0x7e, 0xdf, 0x6e, 0x38, 0x30, 0x90, 0x21, 0xf9, 0xff, 0xcf, 0xfb, 0xff, 0xbf, 0xe7, 0x5f, 0xdb,
    0xb5, 0x6f, 0xff, 0xe0, 0x01, 0x01, 0xff, 0xef, 0xff, 0xfd, 0xbe, 0xb7, 0xdc, 0xf7, 0xfe, 0x70, 0x72, 0x02, 0x35,
    0xfd, 0xff, 0xe7, 0xf9, 0xfa, 0x7d, 0xcf, 0x7f, 0xfb, 0x7e, 0x4f, 0xbf, 0xf8, 0x84, 0x00, 0x7f, 0xef, 0xff, 0xfd,
    0xbe, 0xfd, 0xb6, 0xdd, 0x59, 0x30, 0x78, 0xb0, 0xa9, 0xfd, 0xff, 0xf7, 0xfe, 0xad, 0xf7, 0xd6, 0x6e, 0xd9, 0xae,
    0xde, 0xff, 0xfe, 0x00, 0x04, 0x1f, 0xef, 0xff, 0xfb, 0x7d, 0x6f, 0xfc, 0xff, 0xf0, 0x70, 0xf1, 0x12, 0x3d, 0xfd,
    0xf7, 0xf3, 0xdf, 0xff, 0xdf, 0x96, 0xff, 0xf9, 0xb4, 0xdf, 0xff, 0xff, 0x00, 0x21, 0x01, 0xdf, 0xff, 0xfe, 0xfd,
    0x7d, 0xac, 0xdb, 0xb8, 0x32, 0x78, 0xb9, 0x2d, 0xf9, 0xff, 0xf9, 0xff, 0xfe, 0xff, 0x3c, 0xbe, 0xda, 0xbe, 0x9a,
    0xff, 0xff, 0x88, 0x80, 0x40, 0x1f, 0xff, 0xf5, 0xfd, 0xef, 0x78, 0xfe, 0xf8, 0x30, 0xf9, 0x58, 0xf5, 0xed, 0xff,
    0xfc, 0xff, 0xdb, 0xdc, 0x6a, 0xfb, 0xf9, 0xb4, 0x80, 0x0f, 0xff, 0xc0, 0x05, 0x00, 0x1f, 0xff, 0xfd, 0xfd, 0xfb,
    0xba, 0xdb, 0xdf, 0x20, 0xfc, 0xef, 0xed, 0xf9, 0xff, 0xbe, 0x7e, 0xff, 0x78, 0xf6, 0xdf, 0xda, 0xdd, 0xa2, 0x01,
    0xff, 0xe0, 0x00, 0x12, 0x1f, 0xff, 0xf3, 0xf9, 0xef, 0x72, 0xff, 0x77, 0x08, 0x7c, 0xbb, 0xfb, 0xf9, 0xfd, 0xff,
    0x1f, 0xed, 0xe3, 0xed, 0xbe, 0xf2, 0xb5, 0x10, 0xa8, 0x7f, 0xf1, 0x24, 0x80, 0x3f, 0xff, 0xfb, 0xfb, 0xbf, 0x76,
    0xdb, 0xdd, 0x1c, 0x7e, 0xef, 0x7b, 0xfb, 0xff, 0xff, 0xc3, 0xff, 0x0f, 0xae, 0xf7, 0xba, 0xf9, 0x24, 0x15, 0x1f,
    0xf8, 0x00, 0x01, 0x3f, 0xff, 0xeb, 0xfb, 0xfb, 0xf2, 0xff, 0x7f, 0x8f, 0x7e, 0xf7, 0xf7, 0xf3, 0xff, 0xff, 0xf0,
    0x00, 0x3d, 0x6d, 0xbe, 0xf5, 0xaa, 0x42, 0xa2, 0xa7, 0xfc, 0x09, 0x24, 0x3f, 0xff, 0xed, 0xf7, 0xae, 0xac, 0xd7,
    0xed, 0x8f, 0xbf, 0x9f, 0xdf, 0xf7, 0xf7, 0xff, 0xff, 0x03, 0xf7, 0xfd, 0xfb, 0xd5, 0x78, 0x10, 0x4a, 0x4b, 0xdf,
    0x00, 0x00, 0x3f, 0xff, 0xf5, 0xf6, 0xff, 0xea, 0xfd, 0xaf, 0xe7, 0xdf, 0xce, 0xff, 0x67, 0xff, 0xff, 0xff, 0xff,
    0xff, 0xc1, 0x6f, 0xb6, 0xb0, 0x01, 0x15, 0x21, 0xff, 0x8a, 0x80, 0x7f, 0xff, 0xed, 0xef, 0xda, 0xea, 0xdf, 0xf7,
    0x93, 0xff, 0xf3, 0xbf, 0xcf, 0xff, 0xff, 0xff, 0xfd, 0xb6, 0xc5, 0xfe, 0xf4, 0xd2, 0xfe, 0x88, 0xaa, 0x7f, 0xe0,
    0x12, 0x7f, 0xff, 0xee, 0xef, 0x7f, 0x54, 0xdb, 0x76, 0xd3, 0xff, 0xff, 0xfb, 0x9f, 0xff, 0x51, 0xfe, 0xef, 0xff,
    0xdb, 0xbb, 0xb5, 0x74, 0xee, 0xd2, 0x91, 0x77, 0xf0, 0x40, 0x7f, 0xff, 0xf7, 0x7d, 0xb6, 0xd6, 0xff, 0xf3, 0xe9,
    0xfe, 0xdd, 0xdf, 0x3f, 0xfa, 0xa8, 0xef, 0xfe, 0xdf, 0x91, 0xef, 0xf5, 0x61, 0xb5, 0xb8, 0x4a, 0x1e, 0xfe, 0x00,
    0x7f, 0xff, 0xf5, 0x9f, 0x7f, 0xda, 0xdb, 0xbd, 0xec, 0xfb, 0xff, 0x7e, 0x7f, 0x85, 0xde, 0xff, 0xfb, 0xfb, 0x9b,
    0xfd, 0x65, 0xa1, 0xdd, 0xef, 0x28, 0x5f, 0xff, 0x80, 0xff, 0xff, 0xff, 0xf7, 0x76, 0xba, 0xdf, 0xfa, 0xf6, 0x3f,
    0xb7, 0xf8, 0xff, 0x9e, 0xf5, 0x7f, 0xbf, 0xff, 0x2b, 0x6f, 0xaa, 0xeb, 0x6b, 0xb7, 0x8a, 0x07, 0xff, 0xfc, 0xff,
    0xff, 0xf9, 0xbd, 0x7e, 0xaa, 0xdb, 0x6d, 0xd6, 0x1f, 0xfd, 0xe3, 0xff, 0x37, 0x5e, 0xff, 0xff, 0xfe, 0x57, 0xfa,
    0xee, 0xc3, 0xdb, 0xb7, 0xe1, 0x43, 0xff, 0xfe, 0xff, 0xff, 0xfd, 0xb6, 0xdb, 0xba, 0xdf, 0xfe, 0x7b, 0xc3, 0xff,
    0x0f, 0xff, 0xad, 0xf6, 0xff, 0xff, 0xbc, 0xd7, 0x6f, 0xda, 0x42, 0xd7, 0xef, 0xf4, 0x11, 0xff, 0xfe, 0xff, 0xff,
    0xff, 0x7e, 0xfe, 0xba, 0xdd, 0xfb, 0x1d, 0x30, 0x00, 0x3d, 0xff, 0xbb, 0x5b, 0xfe, 0xfb, 0xf9, 0x4e, 0xfa, 0xf5,
    0x13, 0xd7, 0x5f, 0xf9, 0x48, 0x7f, 0xfe, 0xff, 0xff, 0xff, 0x6c, 0xdb, 0x6d, 0x8f, 0xdf, 0x9e, 0xdf, 0x03, 0xf7,
    0xff, 0xaf, 0xfe, 0xff, 0xff, 0xf3, 0x7d, 0xdf, 0x4c, 0x81, 0x4f, 0x5f, 0xfc, 0x02, 0x1f, 0xfe, 0xff, 0xff, 0xff,
    0x7c, 0xff, 0x7a, 0xdd, 0xfe, 0xd5, 0xcf, 0xff, 0xff, 0xdf, 0xba, 0xaa, 0xff, 0xff, 0xe5, 0x1d, 0xea, 0xd9, 0xbe,
    0xde, 0xbf, 0xfe, 0x50, 0x87, 0xfe, 0xff, 0xff, 0xff, 0xed, 0xd6, 0x6d, 0xaf, 0xff, 0x5e, 0x5e, 0xfe, 0xdf, 0xff,
    0xdf, 0xfd, 0xfb, 0xff, 0x8b, 0x77, 0xbf, 0xa3, 0xfe, 0xbd, 0xff, 0xff, 0x0a, 0x20, 0xfe, 0xff, 0xff, 0xff, 0x7a,
    0xff, 0x7c, 0xae, 0xdb, 0xcf, 0xe7, 0xdb, 0xfb, 0xfd, 0xea, 0xab, 0xff, 0xff, 0x34, 0xe6, 0xed, 0xaf, 0xff, 0x7f,
    0xff, 0xff, 0x80, 0x94, 0x01, 0xff, 0xff, 0xff, 0x6a, 0xad, 0x6e, 0xad, 0xff, 0x63, 0xf7, 0xff, 0xbf, 0xff, 0xff,
    0xff, 0xff, 0xfc, 0x57, 0xaf, 0xbb, 0x4e, 0x57, 0x7f, 0xff, 0xff, 0xe4, 0x25, 0x50, 0xff, 0xff, 0xff, 0xfa, 0xff,
    0xfb, 0xa7, 0x6f, 0xe8, 0x03, 0x6e, 0xff, 0x7f, 0xfa, 0xbf, 0xff, 0xf1, 0xa9, 0x4d, 0xed, 0x5e, 0xff, 0x7f, 0xff,
    0xff, 0xf2, 0x89, 0x09, 0xff, 0xff, 0xfe, 0xb7, 0x55, 0x5c, 0xaf, 0xfb, 0xb6, 0xb9, 0xff, 0xff, 0xff, 0xff, 0xff,
    0xff, 0xc6, 0xd6, 0xae, 0xbb, 0x3d, 0xff, 0x7f, 0xff, 0xff, 0xf8, 0x24, 0xa4, 0xff, 0xff, 0xff, 0xf7, 0x7f, 0xb7,
    0xb6, 0xbe, 0xe5, 0x49, 0xfb, 0xf7, 0xff, 0xff, 0xff, 0xfe, 0x1a, 0xaa, 0xdb, 0xf6, 0xbd, 0xff, 0xbf, 0xff, 0xff,
    0xfe, 0x12, 0x50, 0xff, 0xff, 0xff, 0x6f, 0x6a, 0xdc, 0xa7, 0xef, 0xf5, 0x6a, 0x7f, 0xff, 0xfb, 0xff, 0xff, 0xf8,
    0xaa, 0x9b, 0x3e, 0xe5, 0x7d, 0xf7, 0xbf, 0xff, 0xff, 0xff, 0x89, 0x09, 0xff, 0xff, 0xff, 0x77, 0x7d, 0xf7, 0x53,
    0xbb, 0x72, 0xab, 0x1f, 0xdf, 0xff, 0xff, 0xff, 0xc3, 0x55, 0x95, 0x6b, 0xcc, 0x3d, 0xff, 0x7f, 0xff, 0xff, 0xff,
    0xe0, 0xa4, 0xff, 0xff, 0xff, 0xef, 0xaf, 0x5e, 0xbb, 0xef, 0xdd, 0x55, 0x47, 0xff, 0xbf, 0xef, 0xfe, 0x0d, 0x5b,
    0x37, 0x7e, 0x89, 0xbb, 0xff, 0x7f, 0xff, 0xff, 0xff, 0xfe, 0x00, 0xff, 0xff, 0xff, 0x77, 0xbb, 0xeb, 0x4b, 0x7e,
    0xfc, 0xaa, 0xb0, 0x7f, 0xff, 0xff, 0xf5, 0x35, 0x2a, 0xd4, 0xd7, 0x3b, 0xbd, 0x7f, 0x7f, 0xff, 0xff, 0xff, 0xff,
    0xff, 0xff, 0xff, 0xff, 0xb7, 0xdd, 0x75, 0x6d, 0xd7, 0xdf, 0x55, 0x55, 0x00, 0x55, 0x55, 0x5b, 0xa6, 0xf5, 0xb4,
    0xfc, 0xb3, 0xbb, 0xff, 0x7f, 0xff, 0xff, 0xff, 0xff, 0xff, 0xff, 0xff, 0xff, 0xd7, 0xd7, 0xde, 0xb1, 0xfd, 0xe7,
    0xf5, 0x5a, 0xb5, 0x00, 0x26, 0xef, 0x30, 0x17, 0x2b, 0xb5, 0xa7, 0x7b, 0xfe, 0xff, 0xff, 0xff, 0xff, 0xff, 0xff,
    0xff, 0xff, 0xff, 0xdb, 0xea, 0xfb, 0xbf, 0x57, 0x78, 0xaa, 0xab, 0x56, 0xfe, 0xf7, 0xbd, 0x9c, 0xc3, 0xd7, 0xc7,
    0x17, 0x3a, 0xfe, 0xff, 0xff, 0xff, 0xff, 0xff, 0xff, 0xff, 0xff, 0xff, 0xea, 0xf7, 0xbc, 0xce, 0xfd, 0xde, 0x94,
    0xd5, 0x2a, 0x89, 0xc6, 0xef, 0xbf, 0x7c, 0x78, 0x3c, 0xf7, 0x78, 0x7c, 0x7f, 0xff, 0xff, 0xff, 0xff, 0xff, 0xff,
    0xff, 0xff, 0xfb, 0x5e, 0xee, 0xb1, 0x6f, 0x7e, 0x6a, 0x5a, 0xab, 0x23, 0xef, 0xbb, 0x7f, 0x7f, 0x0f, 0xff, 0xff,
    0xb8, 0x7d, 0x9f, 0xff, 0xff, 0xff, 0xff, 0xff, 0xff, 0xff, 0xff, 0xfd, 0xfd, 0xfa, 0xd6, 0x75, 0xd7, 0x36, 0xab,
    0xb4, 0xef, 0x76, 0xfe, 0xed, 0xb7, 0xf3, 0xff, 0xef, 0xb0, 0xfa, 0xf7, 0xff, 0xff, 0xff, 0xff, 0xff, 0xff, 0xff,
    0xff, 0xff, 0x12, 0xac, 0xac, 0xbb, 0x7b, 0x95, 0x55, 0x53, 0xdf, 0xfb, 0xdd, 0xff, 0xbf, 0x7c, 0xff, 0x8f, 0xd1,
    0xf2, 0xfb, 0xff, 0xff, 0xff, 0xff, 0xff, 0xff, 0xff, 0xff, 0xff, 0xff, 0x7f, 0x75, 0x9d, 0xde, 0xca, 0xb5, 0x8f,
    0x4d, 0xdc, 0xf5, 0xff, 0xbd, 0xff, 0x3f, 0x7f, 0xe4, 0xe6, 0xfd, 0xff, 0xff, 0xff, 0xff, 0xff, 0xff, 0xff, 0xff,
    0xff, 0xff, 0x75, 0xaa, 0xdc, 0xf7, 0xee, 0x9d, 0x3e, 0xdf, 0xff, 0xbf, 0xff, 0xdf, 0xff, 0xce, 0xef, 0xe1, 0xce,
    0xfd, 0xff, 0xff, 0xff, 0xff, 0xff, 0xff, 0xff, 0xff, 0xff, 0xff, 0xbe, 0xb6, 0xee, 0x7a, 0xb7, 0xfe, 0x7b, 0xdb,
    0xbf, 0x87, 0xff, 0xbf, 0xbf, 0xf2, 0xff, 0xf9, 0xce, 0xfe, 0xff, 0xff, 0xff, 0xff, 0xff, 0xff, 0xff, 0xff, 0xff,
    0xff, 0xdb, 0xda, 0xf3, 0x1f, 0xf9, 0x3d, 0xef, 0xcf, 0xff, 0x73, 0xfe, 0x9f, 0xff, 0xfd, 0xff, 0xfe, 0x3e, 0xfe,
    0xff, 0xff, 0xff, 0xff, 0xff, 0xff, 0xff, 0xff, 0xff, 0xff, 0xde, 0xe6, 0xfb, 0x86, 0xdf, 0x79, 0xff, 0xbf, 0xfc,
    0x7d, 0xff, 0xdf, 0xff, 0xff, 0xf7, 0xff, 0xfd, 0xfd, 0xff, 0xff, 0xff, 0xff, 0xff, 0xff, 0xff, 0xff, 0xff, 0xff,
    0xf7, 0x7b, 0x7c, 0xd9, 0x69, 0xf7, 0xda, 0xd7, 0xfd, 0xfe, 0xff, 0x5f, 0xff, 0xfd, 0xff, 0xff, 0xfc, 0x7d, 0xff,
    0xff, 0xff, 0xff, 0xff, 0xff, 0xff, 0xff, 0xff, 0xff, 0xf9, 0x7c, 0x9f, 0x5f, 0xaf, 0xef, 0xff, 0xb7, 0xe1, 0xd4,
    0x5e, 0xdf, 0xdf, 0xfb, 0xfb, 0xff, 0xf9, 0x39, 0xff, 0xff, 0xff, 0xff, 0xff, 0xff, 0xff, 0xff, 0xff, 0xff, 0xff,
    0xff, 0xdf, 0xe3, 0xff, 0xdf, 0xdf, 0xdb, 0x3c, 0xfb, 0xe1, 0xdf, 0xff, 0xbf, 0xff, 0xff, 0xed, 0x5b, 0xff, 0xff,
    0xff, 0xff, 0xff, 0xff, 0xff, 0xff, 0xff, 0xff, 0xff, 0xff, 0xff, 0xff, 0xff, 0xbf, 0xff, 0xdc, 0xed, 0xf8, 0xfd,
    0xff, 0xff, 0xfb, 0xfd, 0xff, 0xf8, 0x53, 0xff, 0xff, 0xff, 0xff, 0xff, 0xff, 0xff, 0xff, 0xff, 0xff, 0xff, 0xff,
    0xff, 0xff, 0xff, 0x7f, 0xff, 0xdb, 0xb4, 0xdd, 0x5e, 0xdf, 0xdf, 0xef, 0xff, 0xff, 0xd6, 0x97, 0xff, 0xff, 0xff,
    0xff, 0xff, 0xff, 0xff, 0xff, 0xff, 0xff, 0xff, 0xff, 0xff, 0xff, 0xfe, 0xff, 0xff, 0xdb, 0xfe, 0x03, 0xf6, 0xef,
    0xff, 0xfb, 0xff, 0x5f, 0xe5, 0x43, 0xff, 0xff, 0xff, 0xff, 0xff, 0xff, 0xff, 0xff, 0xff, 0xff, 0xff, 0xff, 0xff,
    0xff, 0xfd, 0xfd, 0xdf, 0xdb, 0x5c, 0xb1, 0xdd, 0xdf, 0xff, 0xbf, 0xff, 0xbd, 0x56, 0xfc, 0xff, 0xff, 0xff, 0xff,
    0xff, 0xff, 0xff, 0xff, 0xff, 0xff, 0xff, 0xff, 0xff, 0xff, 0xfb, 0xff, 0xff, 0xdb, 0xf1, 0x64, 0x75, 0xff, 0xfb,
    0xff, 0xff, 0xf7, 0xef, 0x6f, 0x7f, 0xff, 0xff, 0xff, 0xff, 0xff, 0xff, 0xff, 0xff, 0xff, 0xff, 0xff, 0xff, 0xff,
    0xf7, 0x7f, 0xff, 0xfd, 0x6b, 0x3a, 0x3d, 0xdf, 0xdf, 0xbd, 0xff, 0xff, 0x66, 0x67, 0x7f, 0xff, 0xff, 0xff, 0xff,
    0xff, 0xff, 0xff, 0xff, 0xff, 0xff, 0xff, 0xff, 0xff, 0xef, 0xff, 0xff, 0xdd, 0xc3, 0xf7, 0x4b, 0xef, 0xff, 0xfb,
    0xff, 0xef, 0xf9, 0x73, 0x7f, 0xff, 0xff, 0xff, 0xff, 0xff, 0xff, 0xff, 0xff, 0xff, 0xff, 0xff, 0xff, 0xff, 0xdf,
    0xfd, 0xef, 0xee, 0x9d, 0x77, 0x63, 0xff, 0xfd, 0xff, 0xff, 0xff, 0xfd, 0xfd, 0xff, 0xff, 0xff, 0xff, 0xff, 0xff,
    0xff, 0xff, 0xff, 0xff, 0xff, 0xff, 0xff, 0xff, 0xbf, 0xff, 0xff, 0xfe, 0x37, 0x7a, 0xbf, 0xdf, 0xdf, 0xbb, 0xff,
    0xfb, 0xbf, 0x65, 0xff, 0xff, 0xff, 0xff, 0xff, 0xff, 0xff, 0xff, 0xff, 0xff, 0xff, 0xff, 0xff, 0xff, 0x7f, 0xff,
    0xff, 0xef, 0xfd, 0x7f, 0xbf, 0xef, 0xff, 0x7d, 0xff, 0xff, 0xfe, 0xef, 0xff, 0xff, 0xff, 0xff, 0xff, 0xff, 0xff,
    0xff, 0xff, 0xff, 0xff, 0xff, 0xff, 0xff, 0x7f, 0xdf, 0xff, 0xef, 0xef, 0x7a, 0xdf, 0xff, 0xff, 0xf7, 0xff, 0xfe,
    0xff, 0x6f, 0xff, 0xff, 0xff, 0xff, 0xff, 0xff, 0xff, 0xff, 0xff, 0xff, 0xff, 0xff, 0xff, 0xfe, 0xff, 0xff, 0x77,
    0xff, 0xee, 0xfb, 0xff, 0xdf, 0xff, 0x7e, 0xff, 0xff, 0xfe, 0xef, 0xff, 0xff, 0xff, 0xff, 0xff, 0xff, 0xff, 0xff,
    0xff, 0xff, 0xff, 0xff, 0xff, 0xfd, 0xff, 0xbd, 0xff, 0xef, 0xfa, 0xfd, 0xaf, 0xff, 0xdf, 0xf7, 0xfe, 0xff, 0xfe,
    0xaf, 0xff, 0xff, 0xff, 0xff, 0xff, 0xff, 0xff, 0xff, 0xff, 0xff, 0xff, 0xff, 0xff, 0xfb, 0xff, 0xff, 0xff, 0xf7,
    0xde, 0xfd, 0xef, 0xdf, 0xff, 0xbf, 0x7d, 0xbf, 0xfd, 0xdf, 0xff, 0xff, 0xff, 0xff, 0xff, 0xff, 0xff, 0xff, 0xff,
    0xff, 0xff, 0xff, 0xff, 0xc7, 0xff, 0xef, 0xff, 0xff, 0xd6, 0xfd, 0xb7, 0xff, 0xff, 0xbf, 0xff, 0xdf, 0xfd, 0x3f,
    0xff, 0xff, 0xff, 0xff, 0xff, 0xff, 0xff, 0xff, 0xff, 0xff, 0xff, 0xff, 0xff, 0x3f, 0xff, 0x7d, 0xff, 0xf7, 0xbe,
    0xfd, 0xf7, 0xdf, 0xdf, 0xde, 0xf6, 0xf7, 0xf8, 0xff, 0xff, 0xff, 0xff, 0xff, 0xff, 0xff, 0xff, 0xff, 0xff, 0xff,
    0xff, 0xff, 0xfe, 0xff, 0xff, 0xff, 0xf7, 0xf7, 0xb5, 0xfe, 0xdf, 0xdf, 0xff, 0xef, 0xbf, 0xbf, 0xf3, 0xff, 0xff,
    0xff, 0xff, 0xff, 0xff, 0xff, 0xff, 0xff, 0xff, 0xff, 0xff, 0xff, 0xfe, 0xff, 0xff, 0xfa, 0xff, 0xff, 0xfe, 0xfe,
    0xf7, 0xdf, 0xff, 0xff, 0xf5, 0xf7, 0xe7, 0xff, 0xff, 0xff, 0xff, 0xff, 0xff, 0xff, 0xff, 0xff, 0xff, 0xff, 0xff,
    0xff, 0xfd, 0xff, 0xff, 0xfd, 0xff, 0xd7, 0xb5, 0xfe, 0xcf, 0xdf, 0xdf, 0xee, 0xff, 0xaf, 0xaf, 0xff, 0xff, 0xff,
    0xff, 0xff, 0xff, 0xff, 0xff, 0xff, 0xff, 0xff, 0xff, 0xff, 0xfb, 0xff, 0xff, 0x7f, 0xff, 0xff, 0x8d, 0xfe, 0x3f,
    0xdf, 0xff, 0xf7, 0xf6, 0xff, 0xdf, 0xff, 0xff, 0xff, 0xff, 0xff, 0xff, 0xff, 0xff, 0xff, 0xff, 0xff, 0xff, 0xff,
    0xfb, 0xff, 0xff, 0xfb, 0xff, 0xfb, 0xf5, 0xff, 0xff, 0xdf, 0xff, 0xfb, 0xbb, 0x6f, 0xdf, 0xff, 0xff, 0xff, 0xff,
    0xff, 0xff, 0xff, 0xff, 0xff, 0xff, 0xff, 0xff, 0xff, 0xe7, 0xf6, 0xff, 0xff, 0xff, 0xfb, 0xff, 0xff, 0xff, 0xdf,
    0xff, 0xfb, 0xff, 0xdf, 0xbf, 0xff, 0xff, 0xff, 0xff, 0xff, 0xff, 0xff, 0xff, 0xff, 0xff, 0xff, 0xff, 0xff, 0x9f,
    0xdd, 0xbf, 0xfb, 0xfb, 0xfb, 0xff, 0xfd, 0xff, 0xdf, 0xdf, 0xfb, 0xff, 0xff, 0x7f, 0xff, 0xff, 0xff, 0xff, 0xff,
    0xff, 0xff, 0xff, 0xff, 0xff, 0xff, 0xff, 0xfe, 0x7f, 0xff, 0xdf, 0x7f, 0xff, 0xfb, 0xff, 0x7f, 0xff, 0xdc, 0x7f,
    0xfd, 0xdb, 0x7e, 0xff, 0xff, 0xff, 0xff, 0xff, 0xff, 0xff, 0xff, 0xff, 0xff, 0xff, 0xff, 0xff, 0xf3, 0xff, 0xdb,
    0x7f, 0xf7, 0xff, 0xff, 0xff, 0xff, 0xff, 0xfd, 0x3f, 0xfc, 0xff, 0xf9, 0xff, 0xff, 0xff, 0xff, 0xff, 0xff, 0xff,
    0xff, 0xff, 0xff, 0xff, 0xff, 0xff, 0xef, 0xff, 0xff, 0xdf, 0xff, 0xff, 0xfb, 0xfd, 0xfb, 0x7f, 0xca, 0x1f, 0xfe,
    0x2f, 0xf3, 0xff, 0xff, 0xff, 0xff, 0xff, 0xff, 0xff, 0xff, 0xff, 0xff, 0xff, 0xff, 0xff, 0xdf, 0xff, 0xb6, 0xff,
    0xd7, 0xfd, 0xfd, 0xae, 0xad, 0xc4, 0x19, 0x5f, 0xfe, 0xe0, 0x0f, 0xff, 0xff, 0xff, 0xff, 0xff, 0xff, 0xff, 0xff,
    0xff, 0xff, 0xff, 0xff, 0xff, 0xbf, 0xff, 0xfd, 0xdf, 0xff, 0xff, 0xf8, 0x22, 0x48, 0xb5, 0xac, 0x9f, 0xff, 0x7f,
    0xff, 0xff, 0xff, 0xff, 0xff, 0xff, 0xff, 0xff, 0xff, 0xff, 0xff, 0xff, 0xff, 0xff, 0x7f, 0xff, 0xaf, 0xef, 0xaf,
    0xff, 0xbd, 0xff, 0xff, 0xdf, 0xac, 0x3f, 0xff, 0xbf, 0xff, 0xff, 0xff, 0xff, 0xff, 0xff, 0xff, 0xff, 0xff, 0xff,
    0xff, 0xff, 0xff, 0xfb, 0x7f, 0xff, 0xfe, 0xbf, 0xff, 0x7f, 0xb9, 0x69, 0xb7, 0xad, 0x4f, 0x7f, 0xff, 0xdf, 0xff,
    0xff, 0xff, 0xff, 0xff, 0xff, 0xff, 0xff, 0xff, 0xff, 0xff, 0xff, 0xff, 0xf5, 0x7f, 0xff, 0xeb, 0xff, 0xef, 0xff,
    0xba, 0xed, 0xee, 0xb7, 0xaf, 0xff, 0xff, 0xef, 0xff, 0xff, 0xff, 0xff, 0xff, 0xff, 0xff, 0xff, 0xff, 0xff, 0xff,
    0xff, 0xff, 0xce, 0xff, 0xff, 0xfd, 0xff, 0x6f, 0xfb, 0xb9, 0x63, 0xbf, 0x8d, 0xd7, 0xff, 0xff, 0xf7, 0xff, 0xff,
    0xff, 0xff, 0xff, 0xff, 0xff, 0xff, 0xff, 0xff, 0xff, 0xff, 0xff, 0xda, 0x7f, 0xff, 0xff, 0xff, 0xdf, 0xff, 0xfa,
    0xf5, 0xf7, 0xde, 0xd7, 0xff, 0xff, 0xf9, 0xff, 0xff, 0xff, 0xff, 0xff, 0xff, 0xff, 0xff, 0xff, 0xff, 0xff, 0xff,
    0xfc, 0x9d, 0xa3, 0xff, 0xff, 0xfb, 0xdf, 0xff, 0xfa, 0xff, 0xdd, 0xfd, 0xd3, 0xff, 0xff, 0xee, 0xff, 0xff, 0xff,
    0xff, 0xff, 0xff, 0xff, 0xff, 0xff, 0xff, 0xff, 0xff, 0xfb, 0xe3, 0x3d, 0xff, 0xff, 0xef, 0xbf, 0xff, 0xfa, 0xab,
    0xff, 0xaf, 0x4b, 0xfd, 0xfe, 0xfe, 0xff, 0xff, 0xff, 0xff, 0xff, 0xff, 0xff, 0xff, 0xff, 0xff, 0xff, 0xff, 0xfe,
    0x94, 0xfd, 0xff, 0xff, 0xff, 0x7f, 0xf7, 0xf2, 0xed, 0x55, 0xa5, 0xeb, 0xff, 0xfb, 0xff, 0x7f, 0xff, 0xff, 0xff,
    0xff, 0xff, 0xff, 0xff, 0xff, 0xff, 0xff, 0xff, 0xfa, 0x3c, 0xd5, 0xff, 0xff, 0xfe, 0xff, 0xff, 0xf5, 0xa9, 0xfe,
    0x97, 0x51, 0xff, 0xff, 0xff, 0xbf, 0xff, 0xff, 0xff, 0xff, 0xff, 0xff, 0xff, 0xff, 0xff, 0xff, 0xff, 0xfe, 0xfa,
    0x7b, 0xff, 0xff, 0xde, 0xff, 0xff, 0xf2, 0xf7, 0xd7, 0xde, 0x85, 0xff, 0xff, 0xff, 0xbf, 0xff, 0xff, 0xff, 0xff,
    0xff, 0xff, 0xff, 0xff, 0xff, 0xff, 0xff, 0xf9, 0xfb, 0x37, 0xff, 0xff, 0xf9, 0xff, 0xff, 0xf0, 0x2e, 0xdd, 0x62,
    0x79, 0xff, 0xfb, 0xff, 0xdf, 0xff, 0xff, 0xff, 0xff, 0xff, 0xff, 0xff, 0xff, 0xff, 0xff, 0xff, 0xf7, 0xf7, 0x2e,
    0xff, 0xff, 0x77, 0xbf, 0xef, 0xe6, 0xf1, 0x47, 0x1f, 0x7c, 0xf8, 0xff, 0xff, 0xef, 0xff, 0xff, 0xff, 0xff, 0xff,
    0xff, 0xff, 0xff, 0xff, 0xff, 0xff, 0xef, 0xfe, 0xd7, 0xff, 0x77, 0xef, 0xfb, 0xff, 0xe9, 0xf3, 0xff, 0xbf, 0x2a,
    0x74, 0x7f, 0xff, 0xf7, 0xff, 0xff, 0xff, 0xff, 0xff, 0xff, 0xff, 0xff, 0xff, 0xff, 0xff, 0xef, 0xeb, 0x7f, 0xff,
    0xff, 0xff, 0xff, 0xff, 0xeb, 0xb7, 0xd5, 0xd6, 0xbd, 0x72, 0x3f, 0xff, 0xfb, 0xff, 0xff, 0xff, 0xff, 0xff, 0xff,
    0xff, 0xff, 0xff, 0xff, 0xff, 0xf3, 0xee, 0xfb, 0xff, 0xde, 0xdf, 0xff, 0xdf, 0xc6, 0xd6, 0xff, 0xbb, 0xdd, 0x32,
    0xbf, 0xff, 0xfd, 0xff, 0xff, 0xff, 0xff, 0xff, 0xff, 0xff, 0xff, 0xff, 0xff, 0xff, 0xc9, 0xf1, 0xfd, 0xfe, 0xff,
    0xbf, 0xff, 0xff, 0xd7, 0x77, 0xaa, 0xdd, 0xd6, 0xb2, 0x3f, 0xff, 0xfd, 0xff, 0xff, 0xff, 0xff, 0xff, 0xff, 0xff,
    0xff, 0xff, 0xff, 0xf2, 0x7e, 0xff, 0xfe, 0xff, 0xfb, 0x7f, 0xf7, 0xfb, 0xd5, 0xd7, 0xdf, 0xd7, 0x6f, 0x98, 0x7f,
    0xff, 0xfe, 0xff, 0xff, 0xff, 0xff, 0xff, 0xff, 0xff, 0xff, 0xff, 0xff, 0xef, 0xfe, 0xff, 0xff, 0xff, 0xed, 0xff,
    0xff, 0xf3, 0x9f, 0x76, 0xeb, 0x7b, 0xef, 0x5e, 0xff, 0xff, 0xfe, 0xff, 0xff, 0xff, 0xff, 0xff, 0xff, 0xff, 0xff,
    0xff, 0xff, 0xf7, 0xff, 0x7f, 0xfe, 0xfd, 0xbd, 0xff, 0xff, 0xf7, 0x9b, 0xef, 0x5d, 0xde, 0xf7, 0x8f, 0xfb, 0xff,
    0xfe, 0xff, 0xff, 0xff, 0xff, 0xff, 0xff, 0xff, 0xff, 0xff, 0xff, 0xf7, 0xbf, 0xbf, 0xff, 0xf7, 0xfb, 0xff, 0xff,
    0xf7, 0xbe, 0xbd, 0xf7, 0xef, 0xb6, 0xef, 0xff, 0xfb, 0xf7, 0x7f, 0xff, 0xff, 0xff, 0xff, 0xff, 0xff, 0xff, 0xff,
    0xff, 0xfb, 0xff, 0xdf, 0xff, 0x7f, 0xf7, 0xff, 0xfe, 0xff, 0x37, 0xef, 0xdf, 0xad, 0xff, 0xe7, 0xff, 0xff, 0xdf,
    0xbf, 0xff, 0xff, 0xff, 0xff, 0xff, 0xff, 0xff, 0xff, 0xff, 0xfd, 0xff, 0xef, 0xff, 0xbf, 0xf7, 0xff, 0xff, 0xff,
    0x77, 0xef, 0xfd, 0xff, 0xeb, 0xf7, 0xfe, 0xff, 0xff, 0xdf, 0xff, 0xff, 0xff, 0xff, 0xff, 0xff, 0xff, 0xff, 0xff,
    0xfe, 0x3f, 0xef, 0xfb, 0xfb, 0x67, 0xff, 0xfd, 0xff, 0x3d, 0x6d, 0x6f, 0xee, 0xfb, 0x53, 0xff, 0xff, 0x7d, 0xdf,
    0xff, 0xff, 0xff, 0xff, 0xff, 0xff, 0xff, 0xff, 0xff, 0xff, 0xc0, 0xb7, 0xff, 0x9f, 0xdf, 0xff, 0xff, 0xfe, 0x6f,
    0xdf, 0xf6, 0xef, 0xbd, 0xf3, 0xff, 0xff, 0xff, 0xef, 0xff, 0xff, 0xff, 0xff, 0xff, 0xff, 0xff, 0xff, 0xff, 0xff,
    0xff, 0x7b, 0xee, 0xc2, 0x3e, 0xff, 0xfb, 0xfc, 0xf7, 0xdf, 0xbf, 0xb6, 0xed, 0x5d, 0xff, 0xbb, 0xff, 0xf7, 0xff,
    0xff, 0xff, 0xff, 0xff, 0xff, 0xff, 0xff, 0xff, 0xff, 0xfe, 0xff, 0xbb, 0x3f, 0x7b, 0xff, 0xf7, 0xfc, 0xdd, 0x5d,
    0xd6, 0xf7, 0xb6, 0xf8, 0xff, 0xff, 0xff, 0xf7, 0xff, 0xff, 0xff, 0xff, 0xff, 0xff, 0xff, 0xff, 0xff, 0xff, 0xfd,
    0xf8, 0xfe, 0xff, 0x7f, 0xdf, 0xff, 0xfd, 0xef, 0xd7, 0x7b, 0xdd, 0xfe, 0xde, 0xff, 0xdf, 0xff, 0xb7, 0xff, 0xff,
    0xff, 0xff, 0xff, 0xff, 0xff, 0xff, 0xff, 0xff, 0xfd, 0xc4, 0xf9, 0xfe, 0xff, 0xf7, 0xef, 0xf9, 0x5a, 0xbe, 0xd7,
    0x76, 0xd6, 0xed, 0x7e, 0x7f, 0xff, 0xe7, 0xff, 0xff, 0xff, 0xff, 0xff, 0xff, 0xff, 0xff, 0xff, 0xff, 0xfe, 0xbf,
    0x37, 0xfd, 0xff, 0xfd, 0xdf, 0xfb, 0xef, 0xbf, 0xfd, 0xf7, 0x7b, 0x7e, 0x7d, 0x1f, 0xff, 0x8f, 0xff, 0xff, 0xff,
    0xff, 0xff, 0xff, 0xff, 0xff, 0xff, 0xff, 0xff, 0xff, 0x8f, 0xfb, 0xff, 0xff, 0x7f, 0xf3, 0x7a, 0xea, 0xaf, 0x55,
    0xdf, 0x37, 0x38, 0x9f, 0xf7, 0x1f, 0xff, 0xff, 0xff, 0xff, 0xff, 0xff, 0xff, 0xff, 0xff, 0xff, 0xff, 0xff, 0xff,
    0xfb, 0xff, 0xff, 0xff, 0xf7, 0xdf, 0xbf, 0xd5, 0xfb, 0x77, 0xbf, 0x9c, 0x5f, 0xfe, 0x6f, 0xff, 0xff, 0xff, 0xff,
    0xff, 0xff, 0xff, 0xff, 0xff, 0xff, 0xff, 0xff, 0xff, 0xfc, 0xff, 0xff, 0xff, 0xe6, 0xf7, 0x6d, 0x7f, 0xdb, 0xfd,
    0xdd, 0xdd, 0x1f, 0xbc, 0x55, 0xff, 0xff, 0xff, 0xff, 0xff, 0xff, 0xff, 0xff, 0xff, 0xff, 0xff, 0xff, 0xff, 0xfe,
    0x3d, 0xff, 0xfb, 0xef, 0xdd, 0xbf, 0xd6, 0xfb, 0xbf, 0xdf, 0xcc, 0x5d, 0xf9, 0xa6, 0x7f, 0xff, 0xff, 0xff, 0xff,
    0xff, 0xff, 0xff, 0xff, 0xff, 0xff, 0xff, 0xff, 0xfc, 0x8f, 0xff, 0x73, 0xcd, 0xff, 0x7b, 0xff, 0xdb, 0xf6, 0xdb,
    0x67, 0x3f, 0xe3, 0xcf, 0xbf, 0xff, 0xff, 0xff, 0xff, 0xff, 0xff, 0xff, 0xff, 0xff, 0xff, 0xff, 0xff, 0xfb, 0xc7,
    0xff, 0xf7, 0xdf, 0x6f, 0x6f, 0x56, 0xfb, 0x7f, 0xef, 0xe7, 0xff, 0xce, 0xdf, 0xbf, 0xff, 0xff, 0xff, 0xff, 0xff,
    0xff, 0xff, 0xff, 0xff, 0xff, 0xff, 0xff, 0xf9, 0x79, 0xed, 0xf7, 0x9b, 0xfb, 0x7f, 0xff, 0xfb, 0xdb, 0x6e, 0xfb,
    0xff, 0x1b, 0x9f, 0x7f, 0xff, 0xff, 0xff, 0xff, 0xff, 0xff, 0xff, 0xff, 0xff, 0xff, 0xff, 0xff, 0xe4, 0xf8, 0x7f,
    0xff, 0x9f, 0x6e, 0xfd, 0xb6, 0xdd, 0xff, 0xe7, 0xfb, 0xfc, 0x7f, 0x2f, 0x7f, 0xff, 0xff, 0xff, 0xff, 0xff, 0xff,
    0xff, 0xff, 0xff, 0xff, 0xff, 0xff, 0x9f, 0x6f, 0x1f, 0xff, 0x3b, 0xfe, 0xdf, 0xff, 0xf9, 0xb6, 0xf7, 0xe9, 0xf9,
    0x76, 0xfd, 0xff, 0xff, 0xff, 0xff, 0xff, 0xff, 0xff, 0xff, 0xff, 0xff, 0xff, 0xff, 0xff, 0xbf, 0x1f, 0xcb, 0xfe,
    0x7f, 0x6e, 0xfb, 0x56, 0xed, 0xff, 0xbb, 0x5c, 0xe4, 0xfc, 0xfe, 0xff, 0xff, 0xff, 0xff, 0xff, 0xff, 0xff, 0xff,
    0xff, 0xff, 0xff, 0xff, 0xff, 0xbf, 0xce, 0xe1, 0xfe, 0x7f, 0xfa, 0xef, 0xff, 0xbd, 0xb7, 0xfb, 0xfe, 0x0e, 0xdb,
    0x7e, 0xff, 0xff, 0xff, 0xff, 0xff, 0xff, 0xff, 0xff, 0xff, 0xff, 0xff, 0xff, 0xff, 0xdf, 0xe3, 0xec, 0x7c, 0xf7,
    0xfe, 0xbd, 0xb6, 0xfc, 0xff, 0xd9, 0xfe, 0xbf, 0x77, 0xdd, 0xff, 0xff, 0xff, 0xff, 0xff, 0xff, 0xff, 0xff, 0xff,
    0xff, 0xff, 0xff, 0xff, 0xdf, 0xdd, 0xaf, 0x1a, 0xfe, 0xbe, 0xff, 0xdb, 0xee, 0xfd, 0x7d, 0xdb, 0xf6, 0x4f, 0xfb,
    0xff, 0xff, 0xff, 0xff, 0xff, 0xff, 0xff, 0xff, 0xff, 0xff, 0xff, 0xff, 0xff, 0xef, 0x7e, 0x6f, 0xc1, 0xbf, 0xf5,
    0xff, 0xff, 0xfd, 0xdf, 0xfd, 0xff, 0xbc, 0xbf, 0xeb, 0xff, 0xff, 0xff, 0xff, 0xff, 0xff, 0xff, 0xff, 0xff, 0xff,
    0xff, 0xff, 0xff, 0xf6, 0xff, 0xa3, 0xfd, 0xed, 0xfc, 0xdb, 0xff, 0xfe, 0xff, 0xf6, 0xb7, 0xf2, 0x7f, 0xc7, 0xff,
    0xff, 0xff, 0xff, 0xff, 0xff, 0xff, 0xff, 0xff, 0xff, 0xff, 0xff, 0xff, 0xfb, 0x7f, 0xd1, 0xfb, 0xff, 0xbd, 0xfe,
    0xaa, 0xb6, 0xfb, 0xbe, 0xfd, 0xcf, 0xbf, 0xdf, 0xff, 0xff, 0xff, 0xff, 0xff, 0xff, 0xff, 0xff, 0xff, 0xff, 0xff,
    0xff, 0xff, 0xfd, 0xff, 0xfe, 0x38, 0xf6, 0xeb, 0xff, 0xff, 0xfe, 0x6f, 0xee, 0x6f, 0x3b, 0xef, 0xbf, 0xff, 0xff,
    0xff, 0xff, 0xff, 0xff, 0xff, 0xff, 0xff, 0xff, 0xff, 0xff, 0xff, 0xfd, 0xdf, 0xfb, 0xcd, 0x1f, 0xf9, 0xbf, 0xff,
    0xfe, 0xfd, 0xbe, 0xbc, 0x7f, 0xff, 0x7f, 0xff, 0xff, 0xff, 0xff, 0xff, 0xff, 0xff, 0xff, 0xff, 0xff, 0xff, 0xff,
    0xff, 0xfe, 0x6f, 0xef, 0xf0, 0x67, 0xbb, 0xf5, 0xab, 0xba, 0x6f, 0xf0, 0xe5, 0x9f, 0xfa, 0x7f, 0xff, 0xff, 0xff,
    0xff, 0xff, 0xff, 0xff, 0xff, 0xff, 0xff, 0xff, 0xff, 0xff, 0xff, 0xa7, 0xff, 0xff, 0xd8, 0xfb, 0x7f, 0xfe, 0xfe,
    0xbf, 0x48, 0x9f, 0xef, 0xf5, 0xff, 0xff, 0xff, 0xff, 0xff, 0xff, 0xff, 0xff, 0xff, 0xff, 0xff, 0xff, 0xff, 0xff,
    0xff, 0xdb, 0xdf, 0xff, 0xbf, 0x11, 0xf6, 0xaf, 0xee, 0xb9, 0x7f, 0xff, 0xff, 0xeb, 0xff, 0xff, 0xff, 0xff, 0xff,
    0xff, 0xff, 0xff, 0xff, 0xff, 0xff, 0xff, 0xff, 0xff, 0xff, 0xfd, 0xf7, 0xff, 0x7f, 0xfa, 0xff, 0xfb, 0xbe, 0x26,
    0xfe, 0xff, 0xff, 0xdf, 0xff, 0xff, 0xff, 0xff, 0xff, 0xff, 0xff, 0xff, 0xff, 0xff, 0xff, 0xff, 0xff, 0xff, 0xff,
    0xfe, 0xfb, 0xff, 0xff, 0xf7, 0x0b, 0xbf, 0xe9, 0xff, 0xff, 0x7f, 0xf7, 0xbf, 0xff, 0xff, 0xff, 0xff, 0xff, 0xff,
    0xff, 0xff, 0xff, 0xff, 0xff, 0xff, 0xff, 0xff, 0xff, 0xff, 0x25, 0xfe, 0xff, 0xff, 0xf4, 0x40, 0x17, 0xdb, 0xff,
    0xff, 0xde, 0x7f, 0xff, 0xff, 0xff, 0xff, 0xff, 0xff, 0xff, 0xff, 0xff, 0xff, 0xff, 0xff, 0xff, 0xff, 0xff, 0xff,
    0xfe, 0xff, 0xbf, 0xff, 0xff, 0xff, 0xfb, 0x7f, 0xff, 0xff, 0x89, 0xff, 0xff, 0xff, 0xff, 0xff, 0xff, 0xff, 0xff,
    0xff, 0xff, 0xff, 0xff, 0xff, 0xff, 0xff, 0xff, 0xff, 0xff, 0x3e, 0xdf, 0xff, 0xfb, 0xf7, 0xfd, 0xff, 0xfe, 0xbf,
    0x7f, 0xff, 0xff, 0xff, 0xff, 0xff, 0xff, 0xff, 0xff, 0xff, 0xff, 0xff, 0xff, 0xff, 0xff, 0xff, 0xff, 0xff, 0xfe,
    0x9f, 0xb7, 0xff, 0xff, 0xff, 0xff, 0xff, 0xf9, 0xfc, 0xff, 0xff, 0xff, 0xff, 0xff, 0xff, 0xff, 0xff, 0xff, 0xff,
    0xff, 0xff, 0xff, 0xff, 0xff, 0xff, 0xff, 0xff, 0xfe, 0xe5, 0xfb, 0xbf, 0xf7, 0xff, 0xff, 0xff, 0xf6, 0xe9, 0x7f,
    0xff, 0xff, 0xff, 0xff, 0xff, 0xff, 0xff, 0xff, 0xff, 0xff, 0xff, 0xff, 0xff, 0xff, 0xff, 0xff, 0xff, 0xff, 0xa7,
    0x6e, 0xcf, 0xff, 0xff, 0xff, 0xff, 0xdf, 0x5c, 0xff, 0xff, 0xff, 0xff, 0xff, 0xff, 0xff, 0xff, 0xff, 0xff, 0xff,
    0xff, 0xff, 0xff, 0xff, 0xff, 0xff, 0xff, 0xff, 0xd7, 0xff, 0xfb, 0xfb, 0xff, 0xfd, 0x7f, 0x7d, 0xf9, 0xff, 0xff,
    0xff, 0xff, 0xff, 0xff, 0xff, 0xff, 0xff, 0xff, 0xff, 0xff, 0xff, 0xff, 0xff, 0xff, 0xff, 0xff, 0xff, 0xf3, 0xbf,
    0xfd, 0x5d, 0x7f, 0xeb, 0xfd, 0xdf, 0xfb, 0xff, 0xff, 0xff, 0xff, 0xff, 0xff, 0xff, 0xff, 0xff, 0xff, 0xff, 0xff,
    0xff, 0xff, 0xff, 0xff, 0xff, 0xff, 0xff, 0xfb, 0xff, 0xff, 0xef, 0xae, 0xbd, 0xeb, 0xf7, 0x6b, 0xff, 0xff, 0xff,
    0xff, 0xff, 0xff, 0xff, 0xff, 0xff, 0xff, 0xff, 0xff, 0xff, 0xff, 0xff, 0xff, 0xff, 0xff, 0xff, 0xfb, 0xfe, 0xff,
    0xfd, 0xe4, 0xf7, 0x7f, 0x7d, 0xfb, 0xff, 0xff, 0xff, 0xff, 0xff, 0xff, 0xff, 0xff, 0xff, 0xff, 0xff, 0xff, 0xff,
    0xff, 0xff, 0xff, 0xff, 0xff, 0xff, 0xf9, 0xff, 0xff, 0xff, 0xed, 0xff, 0xdf, 0xdf, 0xb7, 0xff, 0xff, 0xff, 0xff,
    0xff, 0xff, 0xff, 0xff, 0xff, 0xff, 0xff, 0xff, 0xff, 0xff, 0xff, 0xff, 0xff, 0xff, 0xff, 0xfd, 0xff, 0xff, 0xff,
    0xee, 0xdb, 0x7b, 0xff, 0xf7, 0xff, 0xff, 0xff, 0xff, 0xff, 0xff, 0xff, 0xff, 0xff, 0xff, 0xff, 0xff, 0xff, 0xff,
    0xff, 0xff, 0xff, 0xff, 0xff, 0xfd, 0xfb, 0xff, 0xff, 0xee, 0xff, 0xfe, 0xff, 0xf7, 0xff, 0xff, 0xff, 0xff, 0xff,
    0xff, 0xff, 0xff, 0xff, 0xff, 0xff, 0xff, 0xff, 0xff, 0xff, 0xff, 0xff, 0xff, 0xff, 0xfe, 0xff, 0xfb, 0xff, 0xee,
    0xed, 0xdf, 0xff, 0xe7, 0xff, 0xff, 0xff, 0xff, 0xff, 0xff, 0xff, 0xff, 0xff, 0xff, 0xff, 0xff, 0xff, 0xff, 0xff,
    0xff, 0xff, 0xff, 0xff, 0xfe, 0xff, 0xff, 0xff, 0xee, 0xff, 0xfb, 0xff, 0xef, 0xff, 0xff, 0xff, 0xff, 0xff, 0xff,
    0xff, 0xff, 0xff, 0xff, 0xff, 0xff, 0xff, 0xff, 0xff, 0xff, 0xff, 0xff, 0xff, 0xfe, 0xff, 0xff, 0xf7, 0xee, 0xdf,
    0x7f, 0xfb, 0xef, 0xff, 0xff, 0xff, 0xff, 0xff, 0xff, 0xff, 0xff, 0xff, 0xff, 0xff, 0xff, 0xff, 0xff, 0xff, 0xff,
    0xff, 0xff, 0xff, 0xff, 0x7f, 0xdf, 0xdf, 0xae, 0xff, 0xff, 0xff, 0xcf, 0xff, 0xff, 0xff, 0xff, 0xff, 0xff, 0xff,
    0xff, 0xff, 0xff, 0xff, 0xff, 0xff, 0xff, 0xff, 0xff, 0xff, 0xff, 0xff, 0xff, 0x7f, 0xff, 0xff, 0xee, 0xff, 0xff,
    0xff, 0xdf, 0xff, 0xff, 0xff, 0xff, 0xff, 0xff, 0xff, 0xff, 0xff, 0xff, 0xff, 0xff, 0xff, 0xff, 0xff, 0xff, 0xff,
    0xff, 0xff, 0xff, 0xbb, 0xff, 0xff, 0xf6, 0xff, 0xff, 0xef, 0xdf, 0xff, 0xff, 0xff, 0xff, 0xff, 0xff, 0xff, 0xff,
    0xff, 0xff, 0xff, 0xff, 0xff, 0xff, 0xff, 0xff, 0xff, 0xff, 0xff, 0xff, 0xbf, 0xff, 0x7f, 0xef, 0x7f, 0xff, 0xff,
    0x9f, 0xff, 0xff, 0xff, 0xff, 0xff, 0xff, 0xff, 0xff, 0xff, 0xff, 0xff, 0xff, 0xff, 0xff, 0xff, 0xff, 0xff, 0xff,
    0xff, 0xff, 0xbf, 0xfd, 0xff, 0xf7, 0x7d, 0xff, 0x7f, 0xbf, 0xff, 0xff, 0xff, 0xff, 0xff, 0xff, 0xff, 0xff, 0xff,
    0xff, 0xff, 0xff, 0xff, 0xff, 0xff, 0xff, 0xff, 0xff, 0xff, 0xff, 0x9f, 0xef, 0xff, 0xef, 0x7f, 0xef, 0xff, 0xbf,
    0xff, 0xff, 0xff, 0xff, 0xff, 0xff, 0xff, 0xff, 0xff, 0xff, 0xff, 0xff, 0xff, 0xff, 0xff, 0xff, 0xff, 0xff, 0xff,
    0xff, 0x9f, 0xff, 0xfd, 0xf7, 0x7f, 0xff, 0xff, 0x7f, 0xff, 0xff, 0xff, 0xff, 0xff, 0xff, 0xff, 0xff, 0xff, 0xff,
    0xff, 0xff, 0xff, 0xff, 0xff, 0xff, 0xff, 0xff, 0xff, 0xff, 0x3f, 0xbf, 0xff, 0xf7, 0x7f, 0xff, 0xff, 0x7f, 0xff,
    0xff, 0xff, 0xff, 0xff, 0xff, 0xff, 0xff, 0xff, 0xff, 0xff, 0xff, 0xff, 0xff, 0xff, 0xff, 0xff, 0xff, 0xff, 0xff,
    0x7f, 0xff, 0xef, 0xef, 0x7f, 0xff, 0xff, 0x7f, 0xff, 0xff, 0xff, 0xff, 0xff, 0xff, 0xff, 0xff, 0xff, 0xff, 0xff,
    0xff, 0xff, 0xff, 0xff, 0xff, 0xff, 0xff, 0xff, 0xfe, 0xff, 0xff, 0xff, 0xaf, 0x7f, 0x7f, 0xf7, 0x7f, 0xff, 0xff,
    0xff, 0xff, 0xff, 0xff, 0xff, 0xff, 0xff, 0xff, 0xff, 0xff, 0xff, 0xff, 0xff, 0xff, 0xff, 0xff, 0xff, 0xfd, 0xff,
    0xfe, 0xff, 0xef, 0x7d, 0xfb, 0xbe, 0x7f, 0xff, 0xff, 0xff, 0xff, 0xff, 0xff, 0xff, 0xff, 0xff, 0xff, 0xff, 0xff,
    0xff, 0xff, 0xff, 0xff, 0xff, 0xff, 0xff, 0xf9, 0xf7, 0x7b, 0xfd, 0xef, 0x7f, 0xff, 0xff, 0x7f, 0xff, 0xff, 0xff,
    0xff, 0xff, 0xff, 0xff, 0xff, 0xff, 0xff, 0xff, 0xff, 0xff, 0xff, 0xff, 0xff, 0xff, 0xff, 0xff, 0xeb, 0xff, 0xff,
    0xef, 0xef, 0x7f, 0xff, 0xfe, 0xff, 0xff, 0xff, 0xff, 0xff, 0xff, 0xff, 0xff, 0xff, 0xff, 0xff, 0xff, 0xff, 0xff,
    0xff, 0xff, 0xff, 0xff, 0xff, 0xff, 0xfb, 0xff, 0xef, 0xff, 0xdf, 0x7f, 0xff, 0xff, 0x7f, 0xff, 0xff, 0xff, 0xff,
    0xff, 0xff, 0xff, 0xff, 0xff, 0xff, 0xff, 0xff, 0xff, 0xff, 0xff, 0xff, 0xff, 0xff, 0xff, 0xd3, 0xff, 0xff, 0xff,
    0x9f, 0x7f, 0xdd, 0xff, 0x7f, 0xff, 0xff, 0xff, 0xff, 0xff, 0xff, 0xff, 0xff, 0xff, 0xff, 0xff, 0xff, 0xff, 0xff,
    0xff, 0xff, 0xff, 0xff, 0xfe, 0xfb, 0xf7, 0x7f, 0x7b, 0xbf, 0x7b, 0x7f, 0xff, 0x7f, 0xff, 0xff, 0xff, 0xff, 0xff,
    0xff, 0xff, 0xff, 0xff, 0xff, 0xff, 0xff, 0xff, 0xff, 0xff, 0xff, 0xff, 0xff, 0xfd, 0x5f, 0xdf, 0xfb, 0xef, 0x7f,
    0x7f, 0xff, 0xdf, 0x7f, 0xff, 0xff, 0xff, 0xff, 0xff, 0xff, 0xff, 0xff, 0xff, 0xff, 0xff, 0xff, 0xff, 0xff, 0xff,
    0xff, 0xff, 0xff, 0xfd, 0xbb, 0xff, 0xef, 0xfe, 0x7f, 0xbf, 0xff, 0xff, 0xbf, 0xff, 0xff, 0xff, 0xff, 0xff, 0xff,
    0xff, 0xff, 0xff, 0xff, 0xff, 0xff, 0xff, 0xff, 0xff, 0xff, 0xff, 0xff, 0xfd, 0xdd, 0xff, 0xff, 0xbc, 0xff, 0xbf,
    0xfb, 0xff, 0xbf, 0xff, 0xff, 0xff, 0xff, 0xff, 0xff, 0xff, 0xff, 0xff, 0xff, 0xff, 0xff, 0xff, 0xff, 0xff, 0xff,
    0xff, 0xff, 0xff, 0x1f, 0xff, 0xfe, 0xfb, 0xff, 0xbb, 0xbf, 0xbf, 0xbf, 0xff, 0xff, 0xff, 0xff, 0xff, 0xff, 0xff,
    0xff, 0xff, 0xff, 0xff, 0xff, 0xff, 0xff, 0xff, 0xff, 0xff, 0xff, 0xfd, 0xae, 0xfe, 0xfb, 0xf3, 0xff, 0xdf, 0xff,
    0xff, 0xdf, 0xff, 0xff, 0xff, 0xff, 0xff, 0xff, 0xff, 0xff, 0xff, 0xff, 0xff, 0xff, 0xff, 0xff, 0xff, 0xff, 0xff,
    0xff, 0xfe, 0x57, 0x7b, 0xef, 0xf7, 0xff, 0xdf, 0xfd, 0xfd, 0xdf, 0xff, 0xff, 0xff, 0xff, 0xff, 0xff, 0xff, 0xff,
    0xff, 0xff, 0xff, 0xff, 0xff, 0xff, 0xff, 0xff, 0xff, 0xff, 0xfe, 0x9b, 0xbf, 0xff, 0xe7, 0xff, 0xde, 0xef, 0xff,
    0xdf, 0xff, 0xff, 0xff, 0xff, 0xff, 0xff, 0xff, 0xff, 0xff, 0xff, 0xff, 0xff, 0xff, 0xff, 0xff, 0xff, 0xff, 0xff,
    0xfa, 0x9d, 0xff, 0xff, 0xd7, 0xff, 0xdf, 0xff, 0xff, 0xdf, 0xff, 0xff, 0xff, 0xff, 0xff, 0xff, 0xff, 0xff, 0xff,
    0xff, 0xff, 0xff, 0xff, 0xff, 0xff, 0xff, 0xff, 0xff, 0xfb, 0x59, 0xd7, 0xff, 0x2f, 0xff, 0xef, 0xff, 0xff, 0xef,
    0xff, 0xff, 0xff, 0xff, 0xff, 0xff, 0xff, 0xff, 0xff, 0xff, 0xff, 0xff, 0xff, 0xff, 0xff, 0xff, 0xff, 0xff, 0xfa,
    0x9b, 0xfd, 0xbd, 0x6f, 0xff, 0xef, 0xff, 0xef, 0xcf, 0xff, 0xff, 0xff, 0xff, 0xff, 0xff, 0xff, 0xff, 0xff, 0xff,
    0xff, 0xff, 0xff, 0xff, 0xff, 0xff, 0xff, 0xff, 0xfd, 0xa7, 0xff, 0x65, 0xdf, 0xff, 0xef, 0xbf, 0x7f, 0xef, 0xff,
    0xff, 0xff, 0xff, 0xff, 0xff, 0xff, 0xff, 0xff, 0xff, 0xff, 0xff, 0xff, 0xff, 0xff, 0xff, 0xff, 0xff, 0xfd, 0xef,
    0xbf, 0xff, 0xbf, 0xff, 0xef, 0xfb, 0xff, 0xcb, 0xff, 0xff, 0xff, 0xff, 0xff, 0xff, 0xff, 0xff, 0xff, 0xff, 0xff,
    0xff, 0xff, 0xff, 0xff, 0xff, 0xff, 0xff, 0xff, 0xaf, 0xff, 0xff, 0x7f, 0xff, 0xcf, 0xff, 0xff, 0xfb, 0xff, 0xff,
    0xff, 0xff, 0xff, 0xff, 0xff, 0xff, 0xff, 0xff, 0xff, 0xff, 0xff, 0xff, 0xff, 0xff, 0xff, 0xff, 0xff, 0xb7, 0xf5,
    0xf7, 0x7f, 0xff, 0xef, 0xff, 0xfd, 0x77, 0xff, 0xff, 0xff, 0xff, 0xff, 0xff, 0xff, 0xff, 0xff, 0xff, 0xff, 0xff,
    0xff, 0xff, 0xff, 0xff, 0xff, 0xff, 0xff, 0xce, 0xff, 0xbe, 0xff, 0xff, 0xba, 0xff, 0xfb, 0xf7, 0xff, 0xff, 0xff,
    0xff, 0xff, 0xff, 0xff, 0xff, 0xff, 0xff, 0xff, 0xff, 0xff, 0xff, 0xff, 0xff, 0xff, 0xff, 0xff, 0xef, 0xff, 0xfc,
    0xff, 0xff, 0xdf, 0xad, 0xaf, 0xef, 0xff, 0xff, 0xff, 0xff, 0xff, 0xff, 0xff, 0xff, 0xff, 0xff, 0xff, 0xff, 0xff,
    0xff, 0xff, 0xff, 0xff, 0xff, 0xff, 0xef, 0xef, 0xfd, 0xff, 0xff, 0xdf, 0xfb, 0xff, 0xe8, 0xff, 0xff, 0xff, 0xff,
    0xff, 0xff, 0xff, 0xff, 0xff, 0xff, 0xff, 0xff, 0xff, 0xff, 0xff, 0xff, 0xff, 0xff, 0xff, 0xef, 0xbf, 0xfb, 0xff,
    0xff, 0xff, 0xff, 0xfe, 0xa7, 0xff, 0xff, 0xff, 0xff, 0xff, 0xff, 0xff, 0xff, 0xff, 0xff, 0xff, 0xff, 0xff, 0xff,
    0xff, 0xff, 0xff, 0xff, 0xff, 0xef, 0xfe, 0xdb, 0xff, 0xff, 0xef, 0xff, 0xfd, 0x9a, 0xff, 0xff, 0xff, 0xff, 0xff,
    0xff, 0xff, 0xff, 0xff, 0xff, 0xff, 0xff, 0xff, 0xff, 0xff, 0xff, 0xff, 0xff, 0xff, 0xf7, 0xff, 0xf7, 0xff, 0xff,
    0xeb, 0xff, 0xfd, 0xd6, 0xff, 0xff, 0xff, 0xff, 0xff, 0xff, 0xff, 0xff, 0xff, 0xff, 0xff, 0xff, 0xff, 0xff, 0xff,
    0xff, 0xff, 0xff, 0xff, 0xe7, 0xfb, 0xf7, 0xff, 0xff, 0xef, 0xdf, 0xed, 0x4e, 0xff, 0xff, 0xff, 0xff, 0xff, 0xff,
    0xff, 0xff, 0xff, 0xff, 0xff, 0xff, 0xff, 0xff, 0xff, 0xff, 0xff, 0xff, 0xff, 0xe7, 0x6f, 0xf7, 0xff, 0xff, 0xef,
    0xff, 0xfd, 0xc2, 0xff, 0xff, 0xff, 0xff, 0xff, 0xff, 0xff, 0xff, 0xff, 0xff, 0xff, 0xff, 0xff, 0xff, 0xff, 0xff,
    0xff, 0xff, 0xff, 0xcf, 0xff, 0xef, 0xff, 0xff, 0xef, 0xff, 0xff, 0x8b, 0xff, 0xff, 0xff, 0xff, 0xff, 0xff, 0xff,
    0xff, 0xff, 0xff, 0xff, 0xff, 0xff, 0xff, 0xff, 0xff, 0xff, 0xff, 0xff, 0xcf, 0xff, 0x67, 0xff, 0xff, 0xef, 0xff,
    0xfe, 0x6b, 0xff, 0xff, 0xff, 0xff, 0xff, 0xff, 0xff, 0xff, 0xff, 0xff, 0xff, 0xff, 0xff, 0xff, 0xff, 0xff, 0xff,
    0xff, 0xff, 0x87, 0xff, 0xef, 0xff, 0xff, 0xef, 0xff, 0xff, 0x5d, 0xff, 0xff, 0xff, 0xff, 0xff, 0xff, 0xff, 0xff,
    0xff, 0xff, 0xff, 0xff, 0xff, 0xff, 0xff, 0xff, 0xff, 0xff, 0xff, 0x87, 0x6d, 0xf7, 0xff, 0xff, 0xef, 0xff, 0xfe,
    0xd5, 0xff, 0xff, 0xff, 0xff, 0xff, 0xff, 0xff, 0xff, 0xff, 0xff, 0xff, 0xff, 0xff, 0xff, 0xff, 0xff, 0xff, 0xff,
    0xff, 0x0f, 0xff, 0xf7, 0xff, 0xff, 0xff, 0xff, 0xfe, 0xd6, 0xff, 0xff, 0xff, 0xff, 0xff, 0xff, 0xff, 0xff, 0xff,
    0xff, 0xff, 0xff, 0xff, 0xff, 0xff, 0xff, 0xff, 0xff, 0xff, 0x0f, 0xff, 0x73, 0xff, 0xff, 0xef, 0xff, 0xfd, 0xdb,
    0xff, 0xff, 0xff, 0xff, 0xff, 0xff, 0xff, 0xff, 0xff, 0xff, 0xff, 0xff, 0xff, 0xff, 0xff, 0xff, 0xff, 0xff, 0xff,
    0x06, 0xdf, 0xfb, 0xff, 0xff, 0xef, 0xff, 0xfe, 0xbf, 0xff, 0xff, 0xff, 0xff, 0xff, 0xff, 0xff, 0xff, 0xff, 0xff,
    0xff, 0xff, 0xff, 0xff, 0xff, 0xff, 0xff, 0xff, 0xff, 0x07, 0xfc, 0x01, 0xff, 0xff, 0xef, 0xff, 0xff, 0x7f, 0xff,
    0xff, 0xff, 0xff, 0xff, 0xff, 0xff, 0xff, 0xff, 0xff, 0xff, 0xff, 0xff, 0xff, 0xff, 0xff, 0xff, 0xff, 0xff, 0x07,
    0xf1, 0x00, 0xff, 0xff, 0xef, 0xff, 0xde, 0xff, 0xff, 0xff, 0xff, 0xff, 0xff, 0xff, 0xff, 0xff, 0xff, 0xff, 0xff,
    0xff, 0xff, 0xff, 0xff, 0xff, 0xff, 0xff, 0xff, 0x03, 0xe1, 0x00, 0xff, 0xff, 0xff, 0xff, 0xfe, 0xff, 0xff, 0xff,
    0xff, 0xff, 0xff, 0xff, 0xff, 0xff, 0xff, 0xff, 0xff, 0xff, 0xff, 0xff, 0xff, 0xff, 0xff, 0xff, 0xff, 0x03, 0xc0,
    0x00, 0xff, 0xff, 0xef, 0xff, 0xfc, 0xff, 0xff, 0xff, 0xff, 0xff, 0xff, 0xff, 0xff, 0xff, 0xff, 0xff, 0xff, 0xff,
    0xff, 0xff, 0xff, 0xff, 0xff, 0xff, 0xff, 0x03, 0x84, 0x94, 0x7f, 0xff, 0xef, 0xff, 0xfd, 0xff, 0xff, 0xff, 0xff,
    0xff, 0xff, 0xff, 0xff, 0xff, 0xff, 0xff, 0xff, 0xff, 0xff, 0xff, 0xff, 0xff, 0xff, 0xff, 0xff, 0x09, 0x00, 0xfe,
    0x7f, 0xff, 0xef, 0xff, 0xfd, 0xff, 0xff, 0xff, 0xff, 0xff, 0xff, 0xff, 0xff, 0xff, 0xff, 0xff, 0xff, 0xff, 0xff,
    0xff, 0xff, 0xff, 0xff, 0xff, 0xff, 0x00, 0x63, 0xff, 0x3f, 0xff, 0xff, 0xff, 0xfb, 0xff, 0xff, 0xff, 0xff, 0xff,
    0xff, 0xff, 0xff, 0xff, 0xff, 0xff, 0xff, 0xff, 0xff, 0xff, 0xff, 0xff, 0xff, 0xff, 0xff, 0x80, 0xfd, 0xff, 0x3f,
    0xff, 0xef, 0xfe, 0xfb, 0xff, 0xff, 0xff, 0xff, 0xff, 0xff, 0xff, 0xff, 0xff, 0xff, 0xff, 0xff, 0xff, 0xff, 0xff,
    0xff, 0xff, 0xff, 0xff, 0xff, 0x00, 0x7e, 0xff, 0x9f, 0xff, 0xef, 0xff, 0xf7, 0xff, 0xff, 0xff, 0xff, 0xff, 0xff,
    0xff, 0xff, 0xff, 0xff, 0xff, 0xff, 0xff, 0xff, 0xff, 0xff, 0xff, 0xff, 0xff, 0xff, 0x81, 0xdd, 0xe0, 0x0f, 0xff,
    0xef, 0xff, 0xf7, 0xff, 0xff, 0xff, 0xff, 0xff, 0xff, 0xff, 0xff, 0xff, 0xff, 0xff, 0xff, 0xff, 0xff, 0xff, 0xff,
    0xff, 0xff, 0xff, 0xff, 0x83, 0xf5, 0x00, 0x0f, 0xff, 0xdf, 0xff, 0xe7, 0xff, 0xff, 0xff, 0xff, 0xff, 0xff, 0xff,
    0xff, 0xff, 0xff, 0xff, 0xff, 0xff, 0xff, 0xff, 0xff, 0xff, 0xff, 0xff, 0xff, 0xc1, 0xde, 0x00, 0x07, 0xff, 0xdf,
    0xff, 0xef, 0xff, 0xff, 0xff, 0xff, 0xff, 0xff, 0xff, 0xff, 0xff, 0xff, 0xff, 0xff, 0xff, 0xff, 0xff, 0xff, 0xff,
    0xff, 0xff, 0xff, 0xc0, 0x7e, 0x25, 0x13, 0xff, 0xdf, 0xff, 0xef, 0xff, 0xff, 0xff, 0xff, 0xff, 0xff, 0xff, 0xff,
    0xff, 0xff, 0xff, 0xff, 0xff, 0xff, 0xff, 0xff, 0xff, 0xff, 0xff, 0xff, 0xe0, 0x70, 0x00, 0x03, 0xff, 0xdf, 0xff,
    0xdf, 0xff, 0xff, 0xff, 0xff, 0xff, 0xff, 0xff, 0xff, 0xff, 0xff, 0xff, 0xff, 0xff, 0xff, 0xff, 0xff, 0xff, 0xff,
    0xff, 0xff, 0xf0, 0x60, 0x90, 0x83, 0xff, 0xbf, 0xf7, 0xdf, 0xff, 0xff, 0xff, 0xff, 0xff, 0xff, 0xff, 0xff, 0xff,
    0xff, 0xff, 0xff, 0xff, 0xff, 0xff, 0xff, 0xff, 0xff, 0xff, 0xff, 0xf0, 0x00, 0x02, 0x09, 0xff, 0xbf, 0xff, 0xdf,
    0xff, 0xff, 0xff, 0xff, 0xff, 0xff, 0xff, 0xff, 0xff, 0xff, 0xff, 0xff, 0xff, 0xff, 0xff, 0xff, 0xff, 0xff, 0xff,
    0xff, 0xf8, 0x04, 0x48, 0x21, 0xff, 0xbf, 0xff, 0xdf, 0xff, 0xff, 0xff, 0xff, 0xff, 0xff, 0xff, 0xff, 0xff, 0xff,
    0xff, 0xff, 0xff, 0xff, 0xff, 0xff, 0xff, 0xff, 0xff, 0xff, 0xf8, 0x20, 0x00, 0x01, 0xff, 0x61, 0xff, 0xdf, 0xff,
    0xff, 0xff, 0xff, 0xff, 0xff, 0xff, 0xff, 0xff, 0xff, 0xff, 0xff, 0xff, 0xff, 0xff, 0xff, 0xff, 0xff, 0xff, 0xff,
    0xf8, 0x04, 0x9a, 0x81, 0xff, 0x00, 0x3f, 0x8f, 0xff, 0xff, 0xff, 0xff, 0xff, 0xff, 0xff, 0xff, 0xff, 0xff, 0xff,
    0xff, 0xff, 0xff, 0xff, 0xff, 0xff, 0xff, 0xff, 0xff, 0xf8, 0x40, 0x58, 0x05, 0xfe, 0x04, 0x1f, 0x9f, 0xff, 0xff,
    0xff, 0xff, 0xff, 0xff, 0xff, 0xff, 0xff, 0xff, 0xff, 0xff, 0xff, 0xff, 0xff, 0xff, 0xff, 0xff, 0xff, 0xff, 0xfc,
    0x04, 0x00, 0x11, 0xfc, 0x05, 0x0f, 0x8f, 0xff, 0xff, 0xff, 0xff, 0xff, 0xff, 0xff, 0xff, 0xff, 0xff, 0xff, 0xff,
    0xff, 0xff, 0xff, 0xff, 0xff, 0xff, 0xff, 0xff, 0xfc, 0x00, 0x82, 0x41, 0xfc, 0x00, 0x07, 0x8f, 0xff, 0xff, 0xff,
    0xff, 0xff, 0xff, 0xff, 0xff, 0xff, 0xff, 0xff, 0xff, 0xff, 0xff, 0xff, 0xff, 0xff, 0xff, 0xff, 0xff, 0xfe, 0x02,
    0x08, 0x01, 0xf8, 0xfe, 0x03, 0x0f, 0xff, 0xff, 0xff, 0xff, 0xff, 0xff, 0xff, 0xff, 0xff, 0xff, 0xff, 0xff, 0xff,
    0xff, 0xff, 0xff, 0xff, 0xff, 0xff, 0xff, 0xff, 0x10, 0x00, 0x01, 0xf9, 0xff, 0x39, 0x0f, 0xff, 0xff, 0xff, 0xff,
    0xff, 0xff, 0xff, 0xff, 0xff, 0xff, 0xff, 0xff, 0xff, 0xff, 0xff, 0xff, 0xff, 0xff, 0xff, 0xff, 0xff, 0x00, 0x00,
    0x03, 0xf3, 0xfe, 0xfc, 0x0f, 0xff, 0xff, 0xff, 0xff, 0xff, 0xff, 0xff, 0xff, 0xff, 0xff, 0xff, 0xff, 0xff, 0xff,
    0xff, 0xff, 0xff, 0xff, 0xff, 0xff, 0xff, 0x80, 0x54, 0x83, 0xf3, 0xfd, 0xe8, 0x07, 0xff, 0xff, 0xff, 0xff, 0xff,
    0xff, 0xff, 0xff, 0xff, 0xff, 0xff, 0xff, 0xff, 0xff, 0xff, 0xff, 0xff, 0xff, 0xff, 0xff, 0xff, 0xc1, 0x00, 0x0f,
    0xe6, 0x2e, 0xfe, 0x0f, 0xff, 0xff, 0xff, 0xff, 0xff, 0xff, 0xff, 0xff, 0xff, 0xff, 0xff, 0xff, 0xff, 0xff, 0xff,
    0xff, 0xff, 0xff, 0xff, 0xff, 0xff, 0xf0, 0x00, 0x3f, 0xe0, 0x02, 0xde, 0x07, 0xff, 0xff, 0xff, 0xff, 0xff, 0xff,
    0xff, 0xff, 0xff, 0xff, 0xff, 0xff, 0xff, 0xff, 0xff, 0xff, 0xff, 0xff, 0xff, 0xff, 0xff, 0xfe, 0x01, 0xff, 0xc0,
    0x01, 0xf6, 0x0f, 0xff, 0xff, 0xff, 0xff, 0xff, 0xff, 0xff, 0xff, 0xff, 0xff, 0xff, 0xff, 0xff, 0xff, 0xff, 0xff,
    0xff, 0xff, 0xff, 0xff, 0xff, 0xff, 0xff, 0xff, 0x81, 0x25, 0xf8, 0x2f, 0xff, 0xff, 0xff, 0xff, 0xff, 0xff, 0xff,
    0xff, 0xff, 0xff, 0xff, 0xff, 0xff, 0xff, 0xff, 0xff, 0xff, 0xff, 0xff, 0xff, 0xff, 0xff, 0xff, 0xff, 0x04, 0x00,
    0x18, 0x0f, 0xff, 0xff, 0xff, 0xff, 0xff, 0xff, 0xff, 0xff, 0xff, 0xff, 0xff, 0xff, 0xff, 0xff, 0xff, 0xff, 0xff,
    0xff, 0xff, 0xff, 0xff, 0xff, 0xff, 0xff, 0x00, 0x40, 0x18, 0x0f, 0xff, 0xff, 0xff, 0xff, 0xff, 0xff, 0xff, 0xff,
    0xff, 0xff, 0xff, 0xff, 0xff, 0xff, 0xff, 0xff, 0xff, 0xff, 0xff, 0xff, 0xff, 0xff, 0xff, 0xfe, 0x21, 0x08, 0x00,
    0x0f, 0xff, 0xff, 0xff, 0xff, 0xff, 0xff, 0xff, 0xff, 0xff, 0xff, 0xff, 0xff, 0xff, 0xff, 0xff, 0xff, 0xff, 0xff,
    0xff, 0xff, 0xff, 0xff, 0xff, 0xfe, 0x00, 0x20, 0x40, 0x0f, 0xff, 0xff, 0xff, 0xff, 0xff, 0xff, 0xff, 0xff, 0xff,
    0xff, 0xff, 0xff, 0xff, 0xff, 0xff, 0xff, 0xff, 0xff, 0xff, 0xff, 0xff, 0xff, 0xff, 0xfc, 0x24, 0x81, 0x00, 0x1f,
    0xff, 0xff, 0xff, 0xff, 0xff, 0xff, 0xff, 0xff, 0xff, 0xff, 0xff, 0xff, 0xff, 0xff, 0xff, 0xff, 0xff, 0xff, 0xff,
    0xff, 0xff, 0xff, 0xff, 0xfc, 0x06, 0x04, 0x08, 0x4f, 0xff, 0xff, 0xff, 0xff, 0xff, 0xff, 0xff, 0xff, 0xff, 0xff,
    0xff, 0xff, 0xff, 0xff, 0xff, 0xff, 0xff, 0xff, 0xff, 0xff, 0xff, 0xff, 0xff, 0xfc, 0x93, 0x90, 0x20, 0x1f, 0xff,
    0xff, 0xff, 0xff, 0xff, 0xff, 0xff, 0xff, 0xff, 0xff, 0xff, 0xff, 0xff, 0xff, 0xff, 0xff, 0xff, 0xff, 0xff, 0xff,
    0xff, 0xff, 0xff, 0xfc, 0x00, 0x00, 0x80, 0x1f, 0xff, 0xff, 0xff, 0xff, 0xff, 0xff, 0xff, 0xff, 0xff, 0xff, 0xff,
    0xff, 0xff, 0xff, 0xff, 0xff, 0xff, 0xff, 0xff, 0xff, 0xff, 0xff, 0xff, 0xfc, 0x00, 0x24, 0x00, 0x3f, 0xff, 0xff,
    0xff, 0xff, 0xff, 0xff, 0xff, 0xff, 0xff, 0xff, 0xff, 0xff, 0xff, 0xff, 0xff, 0xff, 0xff, 0xff, 0xff, 0xff, 0xff,
    0xff, 0xff, 0xfc, 0x10, 0x80, 0x05, 0xff, 0xff, 0xff, 0xff, 0xff, 0xff, 0xff, 0xff, 0xff, 0xff, 0xff, 0xff, 0xff,
    0xff, 0xff, 0xff, 0xff, 0xff, 0xff, 0xff, 0xff, 0xff, 0xff, 0xff, 0xfc, 0x02, 0x02, 0x01, 0xff, 0xff, 0xff, 0xff,
    0xff, 0xff, 0xff, 0xff, 0xff, 0xff, 0xff, 0xff, 0xff, 0xff, 0xff, 0xff, 0xff, 0xff, 0xff, 0xff, 0xff, 0xff, 0xff,
    0xff, 0xf8, 0x40, 0x00, 0x01, 0xff, 0xff, 0xff, 0xff, 0xff, 0xff, 0xff, 0xff, 0xff, 0xff, 0xff, 0xff, 0xff, 0xff,
    0xff, 0xff, 0xff, 0xff, 0xff, 0xff, 0xff, 0xff, 0xff, 0xff, 0xfc, 0x04, 0x10, 0x13, 0xff, 0xff, 0xff, 0xff, 0xff,
    0xff, 0xff, 0xff, 0xff, 0xff, 0xff, 0xff, 0xff, 0xff, 0xff, 0xff, 0xff, 0xff, 0xff, 0xff, 0xff, 0xff, 0xff, 0xff,
    0xfc, 0x01, 0x40, 0x43, 0xff, 0xff, 0xff, 0xff, 0xff, 0xff, 0xff, 0xff, 0xff, 0xff, 0xff, 0xff, 0xff, 0xff, 0xff,
    0xff, 0xff, 0xff, 0xff, 0xff, 0xff, 0xff, 0xff, 0xff, 0xfe, 0x10, 0x02, 0x0f, 0xff, 0xff, 0xff, 0xff, 0xff, 0xff,
    0xff, 0xff, 0xff, 0xff, 0xff, 0xff, 0xff, 0xff, 0xff, 0xff, 0xff, 0xff, 0xff, 0xff, 0xff, 0xff, 0xff, 0xff, 0xff,
    0x80, 0x10, 0x1f, 0xff, 0xff, 0xff, 0xff, 0xff, 0xff, 0xff, 0xff, 0xff, 0xff, 0xff, 0xff, 0xff, 0xff, 0xff, 0xff,
    0xff, 0xff, 0xff, 0xff, 0xff, 0xff, 0xff, 0xff, 0xff, 0xf0, 0x00, 0xff, 0xff, 0xff, 0xff, 0xff, 0xff, 0xff, 0xff,
    0xff, 0xff, 0xff, 0xff, 0xff, 0xff, 0xff, 0xff, 0xff, 0xff, 0xff, 0xff, 0xff, 0xff, 0xff, 0xff, 0xff, 0xff, 0xff,
    0xff, 0xff, 0xff, 0xff, 0xff, 0xff, 0xff, 0xff, 0xff, 0xff, 0xff, 0xff, 0xff, 0xff, 0xff, 0xff, 0xff, 0xff, 0xff,
    0xff, 0xff, 0xff, 0xff, 0xff, 0xff, 0xff, 0xff, 0xff, 0xff, 0xff, 0xff, 0xff, 0xff, 0xff, 0xff, 0xff, 0xff, 0xff,
    0xff, 0xff, 0xff, 0xff, 0xff, 0xff, 0xff, 0xff, 0xff, 0xff, 0xff, 0xff, 0xff, 0xff, 0xff, 0xff, 0xff, 0xff, 0xff,
    0xff, 0xff, 0xff, 0xff, 0xff, 0xff, 0xff, 0xff, 0xff, 0xff, 0xff, 0xff, 0xff, 0xff, 0xff, 0xff, 0xff, 0xff, 0xff,
    0xff, 0xff, 0xff, 0xff, 0xff, 0xff, 0xff, 0xff, 0xff, 0xff, 0xff, 0xff, 0xff, 0xff, 0xff, 0xff, 0xff, 0xff, 0xff,
    0xff, 0xff, 0xff,
};
static_assert(sizeof(MASCOT_BITMAP) == MASCOT_WIDTH * MASCOT_HEIGHT / 8);

// Counter-inverted mascot for a dark screen; silhouette/outline baked offline.
static constexpr uint8_t MASCOT_DARK_BITMAP[] = {
    0xff, 0xff, 0xff, 0xff, 0xff, 0xff, 0xff, 0xff, 0xff, 0xff, 0xff, 0xff, 0xff, 0xff, 0xff, 0xff, 0xff, 0xff, 0xff,
    0xff, 0xff, 0xff, 0xff, 0xff, 0xff, 0xff, 0xff, 0xff, 0xff, 0xff, 0xff, 0xff, 0xff, 0xff, 0xff, 0xff, 0xff, 0xff,
    0xff, 0xff, 0xff, 0xff, 0xff, 0xff, 0xff, 0xff, 0xff, 0xff, 0xff, 0xff, 0xff, 0xff, 0xff, 0xff, 0xff, 0xff, 0xff,
    0xff, 0xff, 0xff, 0xff, 0xff, 0xff, 0xff, 0xff, 0xff, 0xff, 0xfc, 0x00, 0x00, 0xff, 0xff, 0xff, 0xff, 0xff, 0xff,
    0xff, 0xff, 0xff, 0xff, 0xff, 0xff, 0xff, 0xff, 0xff, 0xff, 0xff, 0xff, 0xff, 0xff, 0xff, 0xff, 0xff, 0xff, 0xe0,
    0x00, 0x7f, 0xe8, 0x0f, 0xff, 0xff, 0xff, 0xff, 0xff, 0xff, 0xff, 0xff, 0xff, 0xff, 0xff, 0xff, 0xff, 0xff, 0xff,
    0xff, 0xff, 0xff, 0xff, 0xff, 0xff, 0xff, 0xfe, 0x01, 0x47, 0x80, 0x0f, 0x81, 0xff, 0xff, 0xff, 0xff, 0xff, 0xff,
    0xff, 0xff, 0xff, 0xff, 0xff, 0xff, 0xff, 0xff, 0xff, 0xff, 0xff, 0xff, 0xff, 0xff, 0xff, 0xff, 0x80, 0x3d, 0x38,
    0x00, 0x00, 0x70, 0x3f, 0xff, 0xff, 0xff, 0xff, 0xff, 0xff, 0xff, 0xff, 0xff, 0xff, 0xff, 0xff, 0xff, 0xff, 0xff,
    0xff, 0xff, 0xff, 0xff, 0xff, 0xfc, 0x07, 0xc0, 0x10, 0x54, 0x40, 0x0e, 0x0f, 0xff, 0xff, 0xff, 0xff, 0xff, 0xff,
    0xff, 0xff, 0xff, 0xff, 0xff, 0xff, 0xff, 0xff, 0xff, 0xff, 0xff, 0xff, 0xff, 0xff, 0xf0, 0x78, 0x20, 0x62, 0x01,
    0x10, 0x01, 0xc3, 0xff, 0xff, 0xff, 0xff, 0xff, 0xff, 0xff, 0xff, 0xff, 0xff, 0xff, 0xff, 0xff, 0xff, 0xff, 0xff,
    0xff, 0xff, 0xff, 0xff, 0xc3, 0x80, 0x8a, 0x88, 0x80, 0x05, 0x00, 0x30, 0xff, 0xff, 0xff, 0xff, 0xff, 0xff, 0xff,
    0xff, 0xff, 0xff, 0xff, 0xff, 0xff, 0xff, 0xff, 0xff, 0xff, 0xff, 0xff, 0xff, 0x0c, 0x00, 0x00, 0xa0, 0x10, 0x40,
    0x48, 0x0c, 0x3f, 0xff, 0xff, 0xff, 0xff, 0xff, 0xff, 0xff, 0xff, 0xff, 0xff, 0xff, 0xff, 0xff, 0xff, 0xff, 0xff,
    0xff, 0xff, 0xfc, 0x30, 0x55, 0x2a, 0x44, 0x85, 0x00, 0x00, 0x03, 0x1f, 0xff, 0xff, 0xff, 0xff, 0xff, 0xff, 0xff,
    0xff, 0xff, 0xff, 0xff, 0xff, 0xff, 0xff, 0xff, 0xff, 0xff, 0xff, 0xf0, 0xc1, 0x00, 0x09, 0x10, 0x00, 0x12, 0x11,
    0x20, 0xc7, 0xff, 0xff, 0xff, 0xff, 0xff, 0xff, 0xff, 0xff, 0xff, 0xff, 0xff, 0xff, 0xff, 0xff, 0xff, 0xff, 0xff,
    0xff, 0xe3, 0x04, 0x00, 0x44, 0x82, 0xf0, 0x00, 0x44, 0x00, 0x23, 0xff, 0xff, 0xff, 0xff, 0xff, 0xff, 0xff, 0xff,
    0xff, 0xff, 0xff, 0xff, 0xff, 0xff, 0xff, 0xff, 0xff, 0xff, 0x8c, 0x10, 0x92, 0x12, 0x27, 0x1e, 0x11, 0x01, 0x04,
    0x18, 0xff, 0xff, 0xff, 0xff, 0xff, 0xff, 0xff, 0xff, 0xff, 0xff, 0xff, 0xff, 0xff, 0xff, 0xff, 0xff, 0xff, 0xff,
    0x10, 0x22, 0x00, 0x04, 0x8c, 0xe3, 0xc0, 0x00, 0x40, 0x04, 0x7f, 0xff, 0xff, 0xff, 0xff, 0xff, 0xff, 0xff, 0xff,
    0xff, 0xff, 0xff, 0xff, 0xff, 0xff, 0xff, 0xff, 0xfc, 0x60, 0x80, 0x21, 0x40, 0x32, 0x9c, 0x60, 0x20, 0x10, 0x82,
    0x3f, 0xff, 0xff, 0xff, 0xff, 0xff, 0xff, 0xff, 0xff, 0xff, 0xff, 0xff, 0xff, 0xff, 0xff, 0xff, 0xff, 0xf8, 0x84,
    0x88, 0x8f, 0xb5, 0x04, 0x03, 0xb9, 0x04, 0x02, 0x01, 0x8f, 0xff, 0xff, 0xff, 0xff, 0xff, 0xff, 0xff, 0xff, 0xff,
    0xff, 0xff, 0xff, 0xff, 0xff, 0xff, 0xff, 0xf1, 0x11, 0x02, 0x34, 0xd0, 0x42, 0x80, 0x2c, 0x01, 0x08, 0x00, 0x47,
    0xff, 0xff, 0xff, 0xff, 0xff, 0xff, 0xff, 0xff, 0xff, 0xff, 0xff, 0xff, 0xff, 0xff, 0xff, 0xff, 0xe6, 0x44, 0x20,
    0x4b, 0x02, 0x20, 0x30, 0x0b, 0x10, 0x20, 0x20, 0x23, 0xff, 0xff, 0xff, 0xff, 0xff, 0xff, 0xff, 0xff, 0xff, 0xff,
    0xff, 0xff, 0xff, 0xff, 0xff, 0xff, 0xc8, 0x00, 0x04, 0xb8, 0x28, 0x18, 0x84, 0x03, 0x00, 0x81, 0x00, 0x11, 0xff,
    0xff, 0xff, 0xff, 0xff, 0xff, 0xff, 0xff, 0xff, 0xff, 0xff, 0xff, 0xff, 0xff, 0xff, 0xff, 0x12, 0x12, 0x41, 0xa0,
    0x42, 0x04, 0x01, 0x20, 0xc4, 0x04, 0x00, 0x08, 0xff, 0xff, 0xff, 0xff, 0xff, 0xff, 0xff, 0xff, 0xff, 0xff, 0xff,
    0xff, 0xff, 0xff, 0xff, 0xfe, 0x24, 0x40, 0x02, 0xc2, 0x44, 0x82, 0x44, 0x40, 0x60, 0x10, 0x48, 0x04, 0x7f, 0xff,
    0xff, 0xff, 0xff, 0xff, 0xff, 0xff, 0xff, 0xff, 0xff, 0xff, 0xff, 0xff, 0xff, 0xfc, 0x48, 0x24, 0x8f, 0x08, 0x88,
    0x21, 0x10, 0x09, 0x31, 0x00, 0x20, 0x02, 0x3f, 0xff, 0xff, 0xff, 0xff, 0xff, 0xff, 0xff, 0xff, 0xff, 0xff, 0xff,
    0xff, 0xff, 0xff, 0xf8, 0x80, 0x80, 0x0a, 0x01, 0x08, 0x88, 0x00, 0x80, 0x08, 0x42, 0x00, 0x01, 0x1f, 0xff, 0xff,
    0xff, 0xff, 0xff, 0xff, 0xff, 0xff, 0xff, 0xff, 0xff, 0xff, 0xff, 0xff, 0xf1, 0x24, 0x89, 0x18, 0x2a, 0x20, 0x01,
    0x42, 0x14, 0x0c, 0x08, 0x08, 0x00, 0x8f, 0xff, 0xff, 0xff, 0xff, 0xff, 0xff, 0xff, 0xff, 0xff, 0xff, 0xff, 0xff,
    0xff, 0xff, 0xe2, 0x01, 0x00, 0x28, 0x82, 0x09, 0x20, 0x08, 0x01, 0x22, 0x00, 0x00, 0x00, 0x4f, 0xff, 0xff, 0xff,
    0xff, 0xff, 0xff, 0xff, 0xff, 0xff, 0xff, 0xff, 0xff, 0xff, 0xff, 0xe4, 0xa2, 0x11, 0x30, 0x00, 0x40, 0x09, 0x40,
    0x80, 0x03, 0x21, 0x04, 0x00, 0x27, 0xff, 0xff, 0xff, 0xff, 0xff, 0xff, 0xff, 0xff, 0xff, 0xff, 0xff, 0xff, 0xff,
    0xff, 0xc9, 0x04, 0x04, 0x62, 0x24, 0x12, 0x20, 0x22, 0x24, 0x80, 0x84, 0x00, 0x00, 0x33, 0xff, 0xff, 0xff, 0xff,
    0xff, 0xff, 0xff, 0xff, 0xff, 0xff, 0xff, 0xff, 0xff, 0xff, 0x92, 0x10, 0x40, 0x40, 0x09, 0x00, 0x80, 0x00, 0x00,
    0x20, 0x80, 0x01, 0x04, 0x11, 0xff, 0xff, 0xff, 0xff, 0xff, 0xff, 0xff, 0xff, 0xff, 0xff, 0xff, 0xff, 0xff, 0xff,
    0x30, 0x48, 0x10, 0x81, 0x20, 0x50, 0x04, 0x91, 0x11, 0x04, 0x40, 0x80, 0x20, 0x88, 0xff, 0xff, 0xff, 0xff, 0xff,
    0xff, 0xff, 0xff, 0xff, 0xff, 0xff, 0xff, 0xff, 0xfe, 0x25, 0x01, 0x01, 0x88, 0x09, 0x04, 0x20, 0x08, 0x04, 0x10,
    0x20, 0x00, 0x80, 0x04, 0xff, 0xff, 0xff, 0xff, 0xff, 0xff, 0xff, 0xff, 0xff, 0xff, 0xff, 0xff, 0xff, 0xfe, 0x48,
    0x10, 0x25, 0x02, 0x50, 0x10, 0x82, 0x20, 0x80, 0x00, 0x30, 0x00, 0x09, 0x02, 0x7f, 0xff, 0xff, 0xff, 0xff, 0xff,
    0xff, 0xff, 0xff, 0xff, 0xff, 0xff, 0xff, 0xfc, 0x90, 0xa0, 0x82, 0x20, 0x02, 0x00, 0x08, 0x04, 0x20, 0x84, 0x08,
    0x21, 0x20, 0x22, 0x3f, 0xff, 0xff, 0xff, 0xff, 0xff, 0xff, 0xff, 0xff, 0xff, 0xff, 0xff, 0xff, 0xf9, 0x24, 0x04,
    0x02, 0x08, 0x90, 0x49, 0x20, 0x84, 0x08, 0x01, 0x08, 0x00, 0x00, 0x81, 0x3f, 0xff, 0xff, 0xff, 0xff, 0xff, 0xff,
    0xff, 0xff, 0xff, 0xff, 0xff, 0xff, 0xf9, 0x10, 0x40, 0x14, 0x00, 0x21, 0x00, 0x02, 0x10, 0x82, 0x00, 0x04, 0x04,
    0x12, 0x08, 0x9f, 0xff, 0xff, 0xff, 0xff, 0xff, 0xff, 0xff, 0xff, 0xff, 0xff, 0xff, 0xff, 0xf2, 0x42, 0x88, 0x84,
    0x44, 0x24, 0x12, 0x08, 0x02, 0x10, 0x40, 0x84, 0x10, 0x88, 0x20, 0x8f, 0xff, 0xff, 0xff, 0xff, 0xff, 0xff, 0xff,
    0xff, 0xff, 0xff, 0xff, 0xff, 0xe4, 0x90, 0x00, 0x08, 0x01, 0x20, 0x00, 0x80, 0x41, 0x00, 0x00, 0x02, 0x00, 0x00,
    0x84, 0x4f, 0xff, 0xff, 0xff, 0xff, 0xff, 0xff, 0xff, 0xff, 0xff, 0xff, 0xff, 0xff, 0xe4, 0x41, 0x22, 0x08, 0x24,
    0x20, 0x90, 0x22, 0x04, 0x02, 0x00, 0x21, 0x22, 0x24, 0x00, 0x27, 0xff, 0xff, 0xff, 0xff, 0xff, 0xff, 0xff, 0xff,
    0xff, 0xff, 0xff, 0xff, 0xc9, 0x09, 0x08, 0x48, 0x00, 0x42, 0x09, 0x00, 0x21, 0x20, 0x80, 0x01, 0x00, 0x00, 0x22,
    0x23, 0xff, 0xff, 0xff, 0xff, 0xff, 0xff, 0xff, 0xff, 0xff, 0xff, 0xff, 0xff, 0xc9, 0x42, 0x40, 0x10, 0x00, 0x40,
    0x40, 0x11, 0x00, 0x80, 0x00, 0x90, 0x88, 0x82, 0x81, 0x13, 0xff, 0xff, 0xff, 0xff, 0xff, 0xff, 0xff, 0xff, 0xff,
    0xff, 0xff, 0xff, 0x92, 0x12, 0x04, 0x90, 0x22, 0x41, 0x08, 0x80, 0x00, 0x80, 0x40, 0x04, 0x80, 0x28, 0x08, 0x51,
    0xff, 0xff, 0xff, 0xff, 0xff, 0xff, 0xff, 0xff, 0xff, 0xff, 0xff, 0xff, 0x14, 0x84, 0x20, 0x20, 0x00, 0x44, 0x00,
    0x08, 0x20, 0xc0, 0x02, 0x00, 0x44, 0x81, 0x20, 0x09, 0xff, 0xff, 0xff, 0xff, 0xff, 0xff, 0xff, 0xff, 0xff, 0xff,
    0xff, 0xff, 0x21, 0x14, 0x84, 0x20, 0x40, 0x80, 0x08, 0x00, 0x00, 0x40, 0x20, 0x54, 0x00, 0x04, 0x04, 0x44, 0xff,
    0xff, 0xff, 0xff, 0xff, 0xff, 0xff, 0xff, 0xff, 0xff, 0xff, 0xfe, 0x4a, 0x48, 0x11, 0x22, 0x04, 0x40, 0x44, 0x00,
    0x00, 0x48, 0x01, 0x00, 0x64, 0x40, 0x81, 0x24, 0xff, 0xff, 0xff, 0xff, 0xff, 0xff, 0xff, 0xff, 0xff, 0xff, 0xff,
    0xfe, 0x4d, 0xa9, 0x00, 0x40, 0x00, 0x80, 0x00, 0x80, 0x21, 0x60, 0x88, 0x02, 0x01, 0x12, 0x10, 0x12, 0x7f, 0xff,
    0xff, 0xff, 0xff, 0xff, 0xff, 0xff, 0xff, 0xff, 0xff, 0xfc, 0x59, 0x10, 0x48, 0x44, 0x40, 0x84, 0x24, 0x00, 0x00,
    0x22, 0x02, 0x21, 0x24, 0x00, 0x44, 0x02, 0x7f, 0xff, 0xff, 0xff, 0xff, 0xff, 0xff, 0xff, 0xff, 0xff, 0xff, 0xfc,
    0x90, 0x19, 0x02, 0x01, 0x08, 0x90, 0x00, 0x01, 0x10, 0x30, 0x24, 0x08, 0x10, 0x44, 0x01, 0x09, 0x3f, 0xff, 0xff,
    0xff, 0xff, 0xff, 0xff, 0xff, 0xff, 0xff, 0xff, 0xfc, 0xa0, 0x08, 0x20, 0x90, 0x01, 0x80, 0x22, 0x00, 0x02, 0x30,
    0x80, 0x81, 0x08, 0x01, 0x24, 0x45, 0x3f, 0xff, 0xff, 0xff, 0xff, 0xff, 0xff, 0xff, 0xff, 0xff, 0xff, 0xf9, 0x20,
    0x0a, 0x08, 0x84, 0x44, 0x82, 0x00, 0x00, 0x08, 0x18, 0x08, 0x24, 0x49, 0x24, 0x00, 0x10, 0x9f, 0xff, 0xff, 0xff,
    0xff, 0xff, 0xff, 0xff, 0xff, 0xff, 0xff, 0xf9, 0x60, 0x08, 0x00, 0x90, 0x10, 0x90, 0x11, 0x20, 0x40, 0xba, 0x22,
    0x00, 0x00, 0x00, 0x52, 0x42, 0x9f, 0xff, 0xff, 0xff, 0xff, 0xff, 0xff, 0xff, 0xff, 0xff, 0xff, 0xf2, 0x20, 0x0b,
    0xe4, 0x01, 0x02, 0x81, 0x00, 0x04, 0x04, 0x04, 0x01, 0x22, 0x4c, 0x91, 0x00, 0x02, 0x9f, 0xff, 0xff, 0xff, 0xff,
    0xff, 0xff, 0xff, 0xff, 0xff, 0xff, 0xc3, 0xe0, 0x8c, 0x11, 0x24, 0x41, 0x88, 0x51, 0x11, 0x20, 0x16, 0x48, 0x08,
    0x10, 0x04, 0x12, 0x21, 0x4f, 0xff, 0xff, 0xff, 0xff, 0xff, 0xff, 0xff, 0xff, 0xff, 0xff, 0x8c, 0x62, 0x10, 0x09,
    0x00, 0x11, 0x82, 0x04, 0x40, 0x05, 0x13, 0x00, 0x81, 0x04, 0x90, 0x48, 0x88, 0x4f, 0xff, 0xff, 0xff, 0xff, 0xff,
    0xff, 0xff, 0xff, 0xff, 0xff, 0x90, 0x10, 0x00, 0x18, 0x44, 0x85, 0x88, 0x08, 0x82, 0x10, 0x49, 0x12, 0x48, 0x52,
    0x01, 0x00, 0x00, 0x67, 0xff, 0xff, 0xff, 0xff, 0xff, 0xff, 0xff, 0xff, 0xff, 0xff, 0x80, 0x00, 0x40, 0x12, 0x10,
    0x01, 0x80, 0x84, 0x10, 0x42, 0x08, 0x80, 0x20, 0x02, 0x24, 0x14, 0x49, 0x27, 0xff, 0xff, 0xff, 0xff, 0xff, 0xff,
    0xff, 0xff, 0xff, 0xff, 0x90, 0x04, 0x88, 0x09, 0x01, 0x27, 0x44, 0x20, 0x41, 0x00, 0x28, 0xc4, 0x02, 0x09, 0x00,
    0x41, 0x00, 0x33, 0xff, 0xff, 0xff, 0xff, 0xff, 0xff, 0xff, 0xff, 0xff, 0xff, 0x10, 0x42, 0x20, 0x04, 0x44, 0x02,
    0x81, 0x04, 0x08, 0x12, 0x88, 0x40, 0xa8, 0xa1, 0x11, 0x04, 0x24, 0x93, 0xff, 0xff, 0xff, 0xff, 0xff, 0xff, 0xff,
    0xff, 0xff, 0xff, 0x20, 0x09, 0x01, 0x0a, 0x10, 0x96, 0x90, 0x22, 0x40, 0x80, 0x08, 0x20, 0x10, 0x04, 0x84, 0x10,
    0x08, 0x19, 0xff, 0xff, 0xff, 0xff, 0xff, 0xff, 0xff, 0xff, 0xff, 0xff, 0x20, 0x24, 0x24, 0x1a, 0x40, 0x04, 0x44,
    0x81, 0x12, 0x12, 0x44, 0x3b, 0x88, 0x82, 0x80, 0x42, 0x81, 0x09, 0xff, 0xff, 0xff, 0xff, 0xff, 0xff, 0xff, 0xff,
    0xff, 0xff, 0x21, 0x04, 0x80, 0x30, 0x05, 0x24, 0xc0, 0x08, 0x80, 0x41, 0x05, 0xd8, 0x5a, 0x10, 0x92, 0x08, 0x24,
    0x24, 0xff, 0xc0, 0x7f, 0xff, 0xff, 0xff, 0xff, 0xff, 0xff, 0xfe, 0x30, 0x29, 0x24, 0xe4, 0x90, 0x0c, 0x45, 0x20,
    0x89, 0x04, 0x0c, 0x04, 0x04, 0x82, 0x80, 0x41, 0x02, 0x02, 0x7f, 0xce, 0x3f, 0xff, 0xff, 0xff, 0xff, 0xff, 0xff,
    0xfe, 0x4c, 0x82, 0x03, 0x92, 0x01, 0x08, 0x40, 0x04, 0x44, 0x11, 0x24, 0x04, 0x06, 0x20, 0x44, 0x04, 0x22, 0x41,
    0x3f, 0x91, 0x9f, 0xff, 0xff, 0xff, 0xff, 0xff, 0xff, 0xfc, 0x97, 0x04, 0x91, 0x44, 0x48, 0x48, 0x45, 0x20, 0x20,
    0x00, 0x04, 0x02, 0x42, 0x09, 0x41, 0x21, 0x09, 0x08, 0x9f, 0x90, 0x9f, 0xff, 0xff, 0xff, 0xff, 0xff, 0xff, 0xfc,
    0xa6, 0x10, 0x01, 0x81, 0x02, 0x18, 0x20, 0x04, 0x92, 0x45, 0x24, 0x01, 0x0b, 0x00, 0x48, 0x08, 0x80, 0x82, 0x8f,
    0xb1, 0x9f, 0xff, 0xff, 0xff, 0xff, 0xff, 0xff, 0xf8, 0x1c, 0x02, 0x44, 0x84, 0x20, 0x40, 0x21, 0x20, 0x09, 0x10,
    0x80, 0x00, 0x80, 0x92, 0x41, 0x22, 0x22, 0x48, 0x47, 0x96, 0x9f, 0xff, 0xff, 0xff, 0xff, 0xff, 0xff, 0xf9, 0x58,
    0x00, 0x00, 0x94, 0x8a, 0x10, 0x24, 0x84, 0x84, 0x00, 0x84, 0x00, 0x41, 0x40, 0x64, 0x00, 0x88, 0x60, 0x27, 0x9a,
    0x9f, 0xff, 0xff, 0xff, 0xff, 0xff, 0xff, 0xf2, 0x28, 0x4a, 0x10, 0x44, 0x00, 0x90, 0x20, 0x10, 0x21, 0x44, 0x84,
    0x00, 0x24, 0x62, 0x20, 0x44, 0x40, 0x31, 0x13, 0x97, 0x1f, 0xff, 0xff, 0xff, 0xff, 0xff, 0xff, 0xf2, 0x48, 0x02,
    0x00, 0x84, 0x42, 0x21, 0xb4, 0x82, 0x00, 0x20, 0x90, 0x00, 0x10, 0x90, 0x41, 0x11, 0x05, 0x18, 0x09, 0x9e, 0x01,
    0xff, 0xff, 0xff, 0xff, 0xff, 0xff, 0xe4, 0x58, 0x02, 0x00, 0x91, 0x10, 0x26, 0x10, 0x40, 0x4a, 0x08, 0xc4, 0x00,
    0x00, 0x11, 0x30, 0x00, 0x40, 0x24, 0x44, 0xb7, 0xf0, 0x7f, 0xff, 0xff, 0xff, 0xff, 0xff, 0xe4, 0x94, 0x07, 0x24,
    0x84, 0x04, 0xa8, 0x10, 0x49, 0x00, 0x80, 0xc0, 0x00, 0x04, 0x8c, 0x24, 0x89, 0x28, 0x97, 0x04, 0x26, 0xde, 0x1f,
    0xff, 0xff, 0xff, 0xff, 0xff, 0xc1, 0x17, 0x0d, 0x87, 0x89, 0x22, 0x30, 0x09, 0x40, 0x00, 0x12, 0x44, 0x04, 0x00,
    0x02, 0x10, 0x20, 0x02, 0x09, 0x82, 0x2d, 0xb7, 0x87, 0xff, 0xff, 0xff, 0xff, 0xff, 0xc9, 0x11, 0x3a, 0xe4, 0x24,
    0x04, 0x40, 0x00, 0x62, 0x49, 0x00, 0x80, 0x00, 0x01, 0x02, 0x51, 0x04, 0xa0, 0x05, 0x49, 0x4f, 0xda, 0xe3, 0xff,
    0xff, 0xff, 0xff, 0xff, 0xca, 0x2b, 0xf0, 0xdc, 0x04, 0x91, 0x40, 0x08, 0x20, 0x00, 0x40, 0xa4, 0x00, 0xff, 0xe1,
    0x10, 0x20, 0x24, 0xa5, 0x30, 0xca, 0xea, 0xb8, 0xff, 0xff, 0xff, 0xff, 0xff, 0x90, 0x28, 0x50, 0x41, 0x24, 0x06,
    0x40, 0x04, 0x31, 0x24, 0x08, 0x80, 0x0f, 0xd0, 0x5c, 0x92, 0x04, 0x90, 0x02, 0x88, 0xdf, 0x5d, 0xac, 0x7f, 0xff,
    0xff, 0xff, 0xff, 0x84, 0x2a, 0x8e, 0x64, 0x04, 0x84, 0x00, 0x01, 0x10, 0x00, 0x40, 0xa4, 0x3c, 0x00, 0x47, 0x48,
    0xa0, 0x12, 0x49, 0x44, 0x9b, 0xf6, 0xd6, 0x3f, 0xff, 0xff, 0xff, 0xff, 0xa8, 0x24, 0x8e, 0x20, 0x8a, 0x24, 0x40,
    0x42, 0x28, 0x82, 0x12, 0x00, 0x70, 0x3f, 0xc1, 0xb0, 0x09, 0x10, 0x01, 0x42, 0xa0, 0x1a, 0xbb, 0x1f, 0xff, 0xff,
    0xff, 0xff, 0x08, 0x32, 0x8a, 0x10, 0x24, 0x16, 0x00, 0x00, 0x08, 0x48, 0x00, 0x95, 0xc1, 0xff, 0xe0, 0xd9, 0x00,
    0x51, 0x48, 0xc1, 0xa0, 0x03, 0x57, 0x8f, 0xff, 0xff, 0xff, 0xff, 0x20, 0x64, 0xee, 0x22, 0x04, 0x44, 0x80, 0x01,
    0x24, 0x20, 0x48, 0x01, 0x07, 0xdf, 0xf8, 0x28, 0x24, 0x08, 0x00, 0x61, 0x20, 0x00, 0xed, 0xc7, 0xff, 0xff, 0xff,
    0xff, 0x20, 0x4a, 0x3b, 0xe0, 0x84, 0x04, 0x00, 0x00, 0x92, 0x10, 0x01, 0x16, 0x0e, 0xff, 0xfe, 0x38, 0x91, 0x09,
    0x49, 0x21, 0x40, 0x00, 0x36, 0xe3, 0xff, 0xff, 0xff, 0xfe, 0x40, 0x51, 0x6a, 0x8a, 0x25, 0x2c, 0x82, 0x00, 0x01,
    0x19, 0x08, 0x04, 0x1f, 0xff, 0xff, 0x9c, 0x00, 0x4c, 0x00, 0x22, 0x41, 0x00, 0x1b, 0xb9, 0xff, 0xff, 0xff, 0xfe,
    0x20, 0x4a, 0x4a, 0x80, 0x04, 0x08, 0x00, 0x00, 0x48, 0x88, 0x22, 0x18, 0x3f, 0xb7, 0x7f, 0x8f, 0x92, 0x0c, 0x49,
    0x12, 0x40, 0x00, 0x0d, 0xec, 0x7f, 0xff, 0xff, 0xfe, 0x40, 0xa4, 0xda, 0xa4, 0x94, 0x8a, 0x00, 0x04, 0x00, 0x04,
    0x02, 0x18, 0x7f, 0xbd, 0x9f, 0xcf, 0xc0, 0x44, 0x20, 0x12, 0xc8, 0x00, 0x06, 0xbe, 0x3f, 0xff, 0xff, 0xfe, 0x40,
    0x95, 0x14, 0x80, 0x04, 0x10, 0x80, 0xff, 0xc0, 0x41, 0x81, 0x30, 0x3d, 0x0f, 0xcf, 0xc7, 0xd2, 0x0e, 0x04, 0x8c,
    0xff, 0x80, 0x03, 0xeb, 0x0f, 0xff, 0xff, 0xfe, 0x41, 0x24, 0x94, 0x92, 0x44, 0x92, 0x07, 0xea, 0xfc, 0x12, 0x40,
    0x30, 0x6f, 0x02, 0xe3, 0xe7, 0x00, 0x43, 0x20, 0x24, 0xff, 0xf0, 0x01, 0xbe, 0xc3, 0xff, 0xff, 0xfe, 0x42, 0x29,
    0x94, 0x80, 0x14, 0x10, 0x1e, 0x00, 0x0c, 0x00, 0x1c, 0x60, 0xdd, 0x0d, 0xe3, 0xf6, 0x12, 0x05, 0x12, 0x85, 0xff,
    0xfc, 0x00, 0xeb, 0x70, 0xff, 0xff, 0xfe, 0x42, 0x4a, 0x24, 0x92, 0x85, 0x10, 0x70, 0x00, 0x03, 0x05, 0x00, 0x60,
    0x1b, 0x0f, 0xf1, 0xf6, 0x40, 0x95, 0x80, 0x09, 0xdf, 0xbf, 0x00, 0x7d, 0xb8, 0x0f, 0xff, 0xfe, 0x64, 0x29, 0x34,
    0x80, 0x04, 0x21, 0xc1, 0xff, 0x81, 0xc0, 0x00, 0x60, 0x37, 0xfd, 0x70, 0xdf, 0x14, 0x02, 0x48, 0x49, 0xfd, 0xef,
    0x80, 0x1b, 0x57, 0x80, 0xff, 0xfe, 0x44, 0x53, 0x24, 0x92, 0x42, 0x23, 0x8f, 0xf7, 0xe0, 0x60, 0x00, 0x40, 0x3e,
    0xdf, 0xf0, 0xfa, 0x10, 0x42, 0xc2, 0x2b, 0xff, 0xbb, 0xe0, 0x1e, 0xed, 0xfc, 0xff, 0xfe, 0x59, 0x24, 0x64, 0x80,
    0x12, 0x26, 0x1f, 0xff, 0xe0, 0x30, 0x00, 0x40, 0x3b, 0xfa, 0xd8, 0x76, 0x01, 0x12, 0x68, 0x93, 0xde, 0xee, 0xf0,
    0x07, 0x57, 0x74, 0xff, 0xfe, 0x40, 0x2a, 0x24, 0x92, 0x42, 0x2c, 0x7f, 0xff, 0xf0, 0x10, 0x00, 0x40, 0x3e, 0xd9,
    0x78, 0x66, 0x28, 0x03, 0x20, 0x13, 0xfb, 0xfb, 0xd8, 0x03, 0x7a, 0xdc, 0xff, 0xff, 0x31, 0x63, 0x44, 0xc0, 0x03,
    0x48, 0x7f, 0xdf, 0xc8, 0x18, 0x2f, 0xc0, 0x35, 0xed, 0x30, 0x66, 0x21, 0x29, 0x54, 0xb7, 0x7f, 0xae, 0xfc, 0x40,
    0xcd, 0xfc, 0xff, 0xff, 0x22, 0x49, 0xc8, 0x44, 0x92, 0x18, 0xfd, 0xf1, 0xf4, 0x0c, 0xff, 0xc0, 0x38, 0xbc, 0x98,
    0x46, 0x10, 0x01, 0x10, 0x27, 0xfe, 0xfb, 0xfe, 0x00, 0x3b, 0x59, 0xff, 0xfe, 0x01, 0xd0, 0x47, 0x80, 0x02, 0x71,
    0xfb, 0xf0, 0x30, 0x0d, 0xc0, 0xc4, 0x34, 0xd8, 0x50, 0x44, 0x42, 0x25, 0x4a, 0x27, 0xef, 0xbf, 0x7f, 0x08, 0x0f,
    0xed, 0xff, 0xfe, 0x4a, 0x48, 0x11, 0x95, 0x22, 0xe3, 0xf3, 0x90, 0xf8, 0x07, 0x00, 0x60, 0x12, 0x62, 0x90, 0x84,
    0x20, 0x80, 0x98, 0x6f, 0xfd, 0xeb, 0xef, 0x80, 0x01, 0xf9, 0xff, 0xfc, 0x82, 0x92, 0x11, 0x00, 0x09, 0x47, 0xe7,
    0x70, 0xec, 0x06, 0x00, 0x60, 0x11, 0x02, 0x00, 0x0c, 0xa4, 0x09, 0x45, 0x4d, 0x7f, 0xbe, 0xff, 0xe0, 0x00, 0x09,
    0xff, 0xfc, 0x0c, 0xa0, 0x83, 0x11, 0x21, 0x4f, 0xe7, 0x5d, 0xbc, 0x06, 0x00, 0x20, 0x12, 0x08, 0xb0, 0x0c, 0x40,
    0x24, 0x84, 0x50, 0x03, 0xef, 0xdb, 0xf0, 0x00, 0x09, 0xff, 0xf9, 0x51, 0x24, 0x29, 0x04, 0x03, 0xc3, 0xc7, 0xfd,
    0xf6, 0x02, 0x00, 0x30, 0x08, 0x80, 0x20, 0x18, 0x42, 0x04, 0xa6, 0xd0, 0x00, 0x7a, 0xff, 0xd8, 0x00, 0x0b, 0xff,
    0xf9, 0x11, 0x40, 0x81, 0x20, 0x91, 0xc7, 0xcf, 0x6f, 0xde, 0x06, 0x00, 0x30, 0x04, 0x00, 0x40, 0x18, 0xa0, 0x24,
    0x4a, 0x90, 0x00, 0x1f, 0xfe, 0xfe, 0x00, 0x13, 0xff, 0xf2, 0x41, 0x48, 0x23, 0x08, 0x01, 0x8f, 0x8d, 0xfd, 0xca,
    0x02, 0x00, 0x18, 0x06, 0x05, 0x82, 0x30, 0x80, 0x04, 0x81, 0xb0, 0x40, 0x07, 0x7b, 0xff, 0x80, 0x13, 0xff, 0xf2,
    0x41, 0x02, 0x49, 0x22, 0xa6, 0xcf, 0x87, 0x4f, 0x56, 0x02, 0x00, 0x08, 0x01, 0x52, 0x08, 0x29, 0x91, 0x26, 0x51,
    0x21, 0x00, 0x01, 0xff, 0xfb, 0xe0, 0x13, 0xff, 0xe4, 0x82, 0x90, 0x03, 0x00, 0x0f, 0x8f, 0x0e, 0xed, 0xc2, 0x02,
    0x08, 0x0c, 0x20, 0x00, 0x20, 0x69, 0x00, 0x06, 0x4b, 0x20, 0x00, 0x00, 0xff, 0xde, 0xfe, 0x27, 0xff, 0xe1, 0x02,
    0x82, 0x53, 0x24, 0x47, 0xcd, 0x87, 0x46, 0xd2, 0x06, 0x00, 0x06, 0x00, 0x01, 0x00, 0xc3, 0x41, 0x25, 0x41, 0x65,
    0x00, 0x00, 0x77, 0x7f, 0xbf, 0xe7, 0xff, 0xea, 0x02, 0x10, 0x87, 0x01, 0x07, 0xcf, 0x06, 0xa7, 0x0a, 0x12, 0x00,
    0x03, 0x00, 0x24, 0x23, 0x95, 0x04, 0x06, 0x4b, 0x7f, 0xf0, 0x00, 0x3f, 0xfa, 0xff, 0xe7, 0xff, 0xc2, 0x02, 0x04,
    0x45, 0x24, 0x20, 0xdf, 0x03, 0x10, 0x12, 0x06, 0x00, 0x41, 0x81, 0x00, 0x87, 0x09, 0x20, 0x25, 0x22, 0x5d, 0xfe,
    0x00, 0x1f, 0xff, 0xed, 0xe7, 0xff, 0xcc, 0x06, 0x10, 0x8d, 0x00, 0x88, 0xf7, 0x83, 0x44, 0x04, 0x06, 0x02, 0x00,
    0xe0, 0x12, 0x1c, 0x12, 0x41, 0x0d, 0x4a, 0xef, 0x57, 0x80, 0x0e, 0xdb, 0x7f, 0xcf, 0xff, 0xc4, 0x04, 0x40, 0x89,
    0x24, 0x22, 0xe3, 0x81, 0x10, 0x84, 0x04, 0x00, 0x00, 0x3c, 0x00, 0xf0, 0x51, 0x08, 0x45, 0x06, 0xdb, 0xea, 0xe0,
    0x07, 0xff, 0xfe, 0xcf, 0xff, 0xd4, 0x04, 0x04, 0x0d, 0x00, 0x80, 0x70, 0x81, 0x08, 0x08, 0x0c, 0x00, 0x00, 0x0f,
    0xff, 0xc2, 0x92, 0x41, 0x0a, 0x55, 0xbd, 0x5d, 0x58, 0x03, 0xf6, 0xdb, 0xcf, 0xff, 0xd2, 0x08, 0x51, 0x53, 0x28,
    0x12, 0x70, 0x40, 0x60, 0x20, 0x08, 0x08, 0x00, 0x00, 0xfc, 0x08, 0x02, 0x04, 0x2a, 0x87, 0xef, 0xb5, 0xb4, 0x20,
    0xff, 0xff, 0xdf, 0xff, 0xca, 0x09, 0x00, 0x15, 0x02, 0x50, 0x18, 0x20, 0x31, 0x00, 0x98, 0x00, 0x00, 0x00, 0x00,
    0x00, 0x3e, 0x90, 0x49, 0x4f, 0xfe, 0xea, 0xde, 0x00, 0x75, 0x7f, 0x9f, 0xff, 0xd2, 0x10, 0x25, 0x15, 0x20, 0x08,
    0x6c, 0x00, 0x0c, 0x40, 0x30, 0x00, 0x00, 0x00, 0x02, 0x49, 0x3a, 0x01, 0x0b, 0x2d, 0x01, 0x77, 0x55, 0x80, 0x1f,
    0xed, 0x9f, 0xff, 0xd1, 0x10, 0x80, 0xab, 0x24, 0x89, 0x2c, 0x00, 0x00, 0x04, 0x60, 0x00, 0xae, 0x01, 0x10, 0x00,
    0x24, 0x44, 0x4a, 0x8b, 0x11, 0x2d, 0x6e, 0x88, 0x0f, 0xbf, 0x9f, 0xff, 0xc8, 0x82, 0x49, 0x29, 0x00, 0x0c, 0x16,
    0x01, 0x22, 0x20, 0xc0, 0x05, 0x57, 0x10, 0x01, 0x20, 0x6e, 0x10, 0x0a, 0x9e, 0x4a, 0x47, 0xb5, 0xe1, 0x01, 0xff,
    0xbf, 0xff, 0xca, 0x60, 0x80, 0x25, 0x24, 0x42, 0x13, 0x04, 0x00, 0x81, 0x80, 0x7a, 0x21, 0x00, 0x04, 0x04, 0x64,
    0x02, 0x9a, 0x5e, 0x22, 0x10, 0xd7, 0xa0, 0x00, 0x7f, 0x3f, 0xff, 0xc0, 0x08, 0x89, 0x45, 0x20, 0x05, 0x09, 0xc0,
    0x48, 0x07, 0x00, 0x61, 0x0a, 0x80, 0x40, 0x00, 0xd4, 0x90, 0x55, 0x14, 0x94, 0x48, 0x75, 0xf8, 0x00, 0x03, 0x3f,
    0xff, 0xe6, 0x42, 0x81, 0x55, 0x24, 0x92, 0x29, 0xe0, 0x02, 0x1c, 0x00, 0xc8, 0xa1, 0x00, 0x00, 0x01, 0xa8, 0x05,
    0x11, 0x3c, 0x24, 0x48, 0x1e, 0xbc, 0x00, 0x01, 0x3f, 0xff, 0xe2, 0x49, 0x24, 0x45, 0x20, 0x01, 0x84, 0x3c, 0x00,
    0xf0, 0x00, 0x52, 0x09, 0x00, 0x00, 0x43, 0x28, 0x90, 0x25, 0xbd, 0x28, 0x13, 0x8b, 0xee, 0x00, 0x01, 0x3f, 0xff,
    0xf0, 0x81, 0x01, 0x45, 0x22, 0x04, 0xe2, 0xcf, 0xff, 0xc2, 0x00, 0x44, 0xa4, 0x01, 0x04, 0x06, 0xb1, 0x05, 0x0a,
    0xec, 0x28, 0xa3, 0xc6, 0xb7, 0x80, 0x01, 0x3f, 0xff, 0xfc, 0x93, 0x24, 0x92, 0x70, 0x20, 0x61, 0x20, 0xfc, 0x08,
    0x00, 0x50, 0x01, 0x00, 0x00, 0x0c, 0x82, 0x20, 0xb3, 0x7e, 0xb0, 0xa7, 0xe3, 0xfd, 0xe0, 0x01, 0x7f, 0xff, 0xfc,
    0x83, 0x00, 0x85, 0x22, 0x01, 0x2a, 0x30, 0x00, 0x00, 0x20, 0x45, 0x55, 0x00, 0x00, 0x1a, 0xe2, 0x15, 0x26, 0x41,
    0x21, 0x4f, 0xf1, 0xaf, 0x78, 0x01, 0x7f, 0xff, 0xfc, 0x12, 0x29, 0x92, 0x50, 0x00, 0xa1, 0xa1, 0x01, 0x20, 0x00,
    0x20, 0x02, 0x04, 0x00, 0x74, 0x88, 0x40, 0x5c, 0x01, 0x42, 0x1f, 0xfc, 0xf5, 0xdf, 0x01, 0x7f, 0xff, 0xfc, 0x85,
    0x00, 0x83, 0x51, 0x24, 0x30, 0x18, 0x24, 0x04, 0x02, 0x15, 0x54, 0x00, 0x00, 0xcb, 0x19, 0x12, 0x50, 0x00, 0x80,
    0x3f, 0xfe, 0x7f, 0x6b, 0xfe, 0x7f, 0xff, 0xfc, 0x95, 0x52, 0x91, 0x52, 0x00, 0x9c, 0x08, 0x00, 0x40, 0x00, 0x00,
    0x00, 0x00, 0x03, 0xa8, 0x50, 0x44, 0xb1, 0xa8, 0x90, 0xff, 0xff, 0x1b, 0xda, 0xaf, 0x7f, 0xff, 0xfc, 0x05, 0x00,
    0x04, 0x58, 0x90, 0x17, 0xfc, 0x91, 0x00, 0x80, 0x05, 0x40, 0x00, 0x0e, 0x56, 0xb2, 0x12, 0xa1, 0x00, 0x9f, 0xff,
    0xff, 0x8d, 0x76, 0xf6, 0x7f, 0xff, 0xfd, 0x48, 0xaa, 0xa3, 0x50, 0x04, 0x49, 0x46, 0x00, 0x00, 0x00, 0x00, 0x00,
    0x00, 0x39, 0x29, 0x51, 0x44, 0xc2, 0x00, 0x9f, 0xff, 0xff, 0xc7, 0xdb, 0x5b, 0x7f, 0xff, 0xfc, 0x08, 0x80, 0x48,
    0x49, 0x41, 0x1a, 0xb6, 0x04, 0x08, 0x00, 0x00, 0x00, 0x01, 0xe5, 0x55, 0x24, 0x09, 0x42, 0x00, 0x5f, 0xff, 0xff,
    0xe1, 0xed, 0xaf, 0x7f, 0xff, 0xfc, 0x90, 0x95, 0x23, 0x58, 0x10, 0x0a, 0x95, 0x80, 0x00, 0x04, 0x00, 0x00, 0x07,
    0x55, 0x64, 0xc1, 0x1a, 0x82, 0x08, 0x5f, 0xff, 0xff, 0xf8, 0x76, 0xf6, 0x7f, 0xff, 0xfc, 0x88, 0x82, 0x08, 0xac,
    0x44, 0x8d, 0x54, 0xe0, 0x20, 0x00, 0x00, 0x00, 0x3c, 0xaa, 0x6a, 0x94, 0x33, 0xc2, 0x00, 0x9f, 0xff, 0xff, 0xfc,
    0x1f, 0x5b, 0x7f, 0xff, 0xfc, 0x10, 0x50, 0xa1, 0x44, 0x10, 0x22, 0xaa, 0xb8, 0x00, 0x40, 0x10, 0x01, 0xf2, 0xa4,
    0xc8, 0x81, 0x76, 0x44, 0x00, 0x9f, 0xff, 0xff, 0xff, 0x81, 0xff, 0x7f, 0xff, 0xfe, 0x88, 0x44, 0x14, 0xb4, 0x81,
    0x03, 0x55, 0x4f, 0x80, 0x00, 0x00, 0x0a, 0xca, 0xd5, 0x2b, 0x28, 0xc4, 0x42, 0x80, 0x9f, 0xff, 0xff, 0xff, 0xe0,
    0x00, 0x7f, 0xff, 0xfe, 0x48, 0x22, 0x8a, 0x92, 0x28, 0x20, 0xaa, 0xaa, 0xff, 0xaa, 0xaa, 0xa4, 0x59, 0x0a, 0x4b,
    0x03, 0x4c, 0x44, 0x00, 0xbf, 0xff, 0xff, 0xff, 0xff, 0x00, 0xff, 0xff, 0xfe, 0x28, 0x28, 0x21, 0x4e, 0x02, 0x18,
    0x0a, 0xa5, 0x4a, 0xff, 0xd9, 0x10, 0xcf, 0xe8, 0xd4, 0x4a, 0x58, 0x84, 0x01, 0x3f, 0xff, 0xff, 0xff, 0xff, 0xff,
    0xff, 0xff, 0xff, 0x24, 0x15, 0x04, 0x40, 0xa8, 0x87, 0x55, 0x54, 0xa9, 0x01, 0x08, 0x42, 0x63, 0x3c, 0x28, 0x38,
    0xe8, 0xc5, 0x01, 0x0f, 0xff, 0xff, 0xff, 0xff, 0xff, 0xff, 0xff, 0xff, 0x95, 0x08, 0x43, 0x31, 0x02, 0x21, 0x6b,
    0x2a, 0xd5, 0x76, 0x39, 0x10, 0x40, 0x83, 0x87, 0xc3, 0x08, 0x87, 0x83, 0x83, 0xff, 0xff, 0xff, 0xff, 0xff, 0xff,
    0xff, 0xff, 0xc4, 0xa1, 0x11, 0x4e, 0x90, 0x81, 0x95, 0xa5, 0x54, 0xdc, 0x10, 0x44, 0x80, 0x80, 0xf0, 0x00, 0x00,
    0x47, 0x82, 0x61, 0xff, 0xff, 0xff, 0xff, 0xff, 0xff, 0xff, 0xff, 0xe2, 0x02, 0x05, 0x29, 0x8a, 0x28, 0xc9, 0x54,
    0x4b, 0x10, 0x89, 0x01, 0x12, 0x48, 0x0c, 0x00, 0x10, 0x4f, 0x05, 0x08, 0xff, 0xff, 0xff, 0xff, 0xff, 0xff, 0xff,
    0xff, 0xf0, 0xed, 0x53, 0x53, 0x44, 0x84, 0x6a, 0xaa, 0xac, 0x20, 0x04, 0x22, 0x00, 0x40, 0x83, 0x00, 0x70, 0x2e,
    0x0d, 0x04, 0xff, 0xff, 0xff, 0xff, 0xff, 0xff, 0xff, 0xff, 0xfc, 0x00, 0x80, 0x8a, 0x62, 0x21, 0x35, 0x4a, 0x70,
    0xb2, 0x23, 0x0a, 0x00, 0x42, 0x00, 0xc0, 0x80, 0x1b, 0x19, 0x02, 0x7f, 0xff, 0xff, 0xff, 0xff, 0xff, 0xff, 0xff,
    0xff, 0x80, 0x8a, 0x55, 0x23, 0x08, 0x11, 0x62, 0xc1, 0x20, 0x00, 0x40, 0x00, 0x20, 0x00, 0x31, 0x10, 0x1e, 0x31,
    0x02, 0x7f, 0xff, 0xff, 0xff, 0xff, 0xff, 0xff, 0xff, 0xff, 0xfc, 0x41, 0x49, 0x11, 0x85, 0x48, 0x01, 0x84, 0x24,
    0x40, 0x78, 0x00, 0x40, 0x40, 0x0d, 0x00, 0x06, 0x31, 0x01, 0x7f, 0xff, 0xff, 0xff, 0xff, 0xff, 0xff, 0xff, 0xff,
    0xfe, 0x24, 0x25, 0x0c, 0xe0, 0x06, 0xc2, 0x10, 0x30, 0x00, 0x8c, 0x01, 0x60, 0x00, 0x02, 0x00, 0x01, 0xc1, 0x01,
    0x7f, 0xff, 0xff, 0xff, 0xff, 0xff, 0xff, 0xff, 0xff, 0xff, 0x21, 0x19, 0x04, 0x79, 0x20, 0x86, 0x00, 0x40, 0x03,
    0x82, 0x00, 0x20, 0x00, 0x00, 0x08, 0x00, 0x02, 0x02, 0x7f, 0xff, 0xff, 0xff, 0xff, 0xff, 0xff, 0xff, 0xff, 0xff,
    0x88, 0x84, 0x83, 0x26, 0x96, 0x08, 0x25, 0x28, 0x02, 0x01, 0x00, 0xa0, 0x00, 0x02, 0x00, 0x00, 0x03, 0x82, 0x7f,
    0xff, 0xff, 0xff, 0xff, 0xff, 0xff, 0xff, 0xff, 0xff, 0xc6, 0x83, 0x60, 0xa0, 0x50, 0x10, 0x00, 0x48, 0x1e, 0x2b,
    0xa1, 0x20, 0x20, 0x04, 0x04, 0x00, 0x06, 0xc6, 0xff, 0xff, 0xff, 0xff, 0xff, 0xff, 0xff, 0xff, 0xff, 0xff, 0xe0,
    0x00, 0x24, 0x1c, 0x00, 0x20, 0x20, 0x24, 0xc3, 0x04, 0x1e, 0x20, 0x00, 0x40, 0x00, 0x00, 0x12, 0xa4, 0xff, 0xff,
    0xff, 0xff, 0xff, 0xff, 0xff, 0xff, 0xff, 0xff, 0xfc, 0x0c, 0x07, 0x00, 0xfc, 0x40, 0x00, 0x23, 0x12, 0x07, 0x02,
    0x00, 0x00, 0x04, 0x02, 0x00, 0x07, 0xac, 0xff, 0xff, 0xff, 0xff, 0xff, 0xff, 0xff, 0xff, 0xff, 0xff, 0xff, 0xff,
    0xff, 0xf1, 0xf8, 0x80, 0x00, 0x24, 0x4b, 0x22, 0xa1, 0x20, 0x20, 0x10, 0x00, 0x00, 0x29, 0x68, 0xff, 0xff, 0xff,
    0xff, 0xff, 0xff, 0xff, 0xff, 0xff, 0xff, 0xff, 0xff, 0xff, 0xff, 0xf1, 0x00, 0x00, 0x24, 0x01, 0xfc, 0x09, 0x10,
    0x00, 0x04, 0x00, 0xa0, 0x1a, 0xbc, 0x7f, 0xff, 0xff, 0xff, 0xff, 0xff, 0xff, 0xff, 0xff, 0xff, 0xff, 0xff, 0xff,
    0xff, 0xe2, 0x02, 0x20, 0x24, 0xa3, 0x4e, 0x22, 0x20, 0x00, 0x40, 0x00, 0x42, 0xa9, 0x03, 0x3f, 0xff, 0xff, 0xff,
    0xff, 0xff, 0xff, 0xff, 0xff, 0xff, 0xff, 0xff, 0xff, 0xff, 0xe4, 0x00, 0x00, 0x24, 0x0e, 0x9b, 0x8a, 0x00, 0x04,
    0x00, 0x00, 0x08, 0x10, 0x90, 0x9f, 0xff, 0xff, 0xff, 0xff, 0xff, 0xff, 0xff, 0xff, 0xff, 0xff, 0xff, 0xff, 0xff,
    0xc8, 0x80, 0x00, 0x02, 0x94, 0xc5, 0xc2, 0x20, 0x20, 0x42, 0x00, 0x00, 0x99, 0x98, 0x9f, 0xff, 0xff, 0xff, 0xff,
    0xff, 0xff, 0xff, 0xff, 0xff, 0xff, 0xff, 0xff, 0xff, 0x90, 0x00, 0x00, 0x22, 0x3c, 0x08, 0xb4, 0x10, 0x00, 0x04,
    0x00, 0x10, 0x06, 0x8c, 0x9f, 0xff, 0xff, 0xff, 0xff, 0xff, 0xff, 0xff, 0xff, 0xff, 0xff, 0xff, 0xff, 0xff, 0x20,
    0x02, 0x10, 0x11, 0x62, 0x88, 0x9c, 0x00, 0x02, 0x00, 0x00, 0x00, 0x02, 0x02, 0x1f, 0xff, 0xff, 0xff, 0xff, 0xff,
    0xff, 0xff, 0xff, 0xff, 0xff, 0xff, 0xff, 0xfe, 0x40, 0x00, 0x00, 0x01, 0xc8, 0x85, 0x40, 0x20, 0x20, 0x44, 0x00,
    0x04, 0x40, 0x9a, 0x3f, 0xff, 0xff, 0xff, 0xff, 0xff, 0xff, 0xff, 0xff, 0xff, 0xff, 0xff, 0xff, 0xfc, 0x80, 0x00,
    0x00, 0x10, 0x02, 0x80, 0x40, 0x10, 0x00, 0x82, 0x00, 0x00, 0x01, 0x10, 0x7f, 0xff, 0xff, 0xff, 0xff, 0xff, 0xff,
    0xff, 0xff, 0xff, 0xff, 0xff, 0xff, 0xf8, 0x80, 0x20, 0x00, 0x10, 0x10, 0x85, 0x20, 0x00, 0x00, 0x08, 0x00, 0x01,
    0x00, 0x93, 0xff, 0xff, 0xff, 0xff, 0xff, 0xff, 0xff, 0xff, 0xff, 0xff, 0xff, 0xff, 0xff, 0xf1, 0x00, 0x00, 0x88,
    0x00, 0x11, 0x04, 0x00, 0x20, 0x00, 0x81, 0x00, 0x00, 0x01, 0x13, 0xff, 0xff, 0xff, 0xff, 0xff, 0xff, 0xff, 0xff,
    0xff, 0xff, 0xff, 0xff, 0xff, 0xe2, 0x00, 0x42, 0x00, 0x10, 0x05, 0x02, 0x50, 0x00, 0x20, 0x08, 0x01, 0x00, 0x01,
    0x57, 0xff, 0xff, 0xff, 0xff, 0xff, 0xff, 0xff, 0xff, 0xff, 0xff, 0xff, 0xff, 0xff, 0x04, 0x00, 0x00, 0x00, 0x08,
    0x21, 0x02, 0x10, 0x20, 0x00, 0x40, 0x82, 0x40, 0x02, 0x27, 0xff, 0xff, 0xff, 0xff, 0xff, 0xff, 0xff, 0xff, 0xff,
    0xff, 0xff, 0xff, 0xfe, 0x38, 0x00, 0x10, 0x00, 0x00, 0x29, 0x02, 0x48, 0x00, 0x00, 0x40, 0x00, 0x20, 0x02, 0xc7,
    0xff, 0xff, 0xff, 0xff, 0xff, 0xff, 0xff, 0xff, 0xff, 0xff, 0xff, 0xff, 0xfc, 0xc0, 0x00, 0x82, 0x00, 0x08, 0x41,
    0x02, 0x08, 0x20, 0x20, 0x21, 0x09, 0x08, 0x07, 0x0f, 0xff, 0xff, 0xff, 0xff, 0xff, 0xff, 0xff, 0xff, 0xff, 0xff,
    0xff, 0xff, 0xf9, 0x00, 0x00, 0x00, 0x08, 0x08, 0x4a, 0x01, 0x20, 0x20, 0x00, 0x10, 0x40, 0x40, 0x0c, 0x3f, 0xff,
    0xff, 0xff, 0xff, 0xff, 0xff, 0xff, 0xff, 0xff, 0xff, 0xff, 0xff, 0xf1, 0x00, 0x00, 0x05, 0x00, 0x00, 0x01, 0x01,
    0x08, 0x20, 0x00, 0x00, 0x0a, 0x08, 0x18, 0xff, 0xff, 0xff, 0xff, 0xff, 0xff, 0xff, 0xff, 0xff, 0xff, 0xff, 0xff,
    0xff, 0xf2, 0x00, 0x00, 0x02, 0x00, 0x28, 0x4a, 0x01, 0x30, 0x20, 0x20, 0x11, 0x00, 0x50, 0x53, 0xff, 0xff, 0xff,
    0xff, 0xff, 0xff, 0xff, 0xff, 0xff, 0xff, 0xff, 0xff, 0xff, 0xe4, 0x00, 0x00, 0x80, 0x00, 0x00, 0x72, 0x01, 0xc0,
    0x20, 0x00, 0x08, 0x09, 0x00, 0x23, 0xff, 0xff, 0xff, 0xff, 0xff, 0xff, 0xff, 0xff, 0xff, 0xff, 0xff, 0xff, 0xff,
    0x84, 0x00, 0x00, 0x04, 0x00, 0x04, 0x0a, 0x00, 0x00, 0x20, 0x00, 0x04, 0x44, 0x90, 0x27, 0xff, 0xff, 0xff, 0xff,
    0xff, 0xff, 0xff, 0xff, 0xff, 0xff, 0xff, 0xff, 0xfe, 0x18, 0x09, 0x00, 0x00, 0x00, 0x04, 0x00, 0x00, 0x00, 0x20,
    0x00, 0x04, 0x00, 0x20, 0x4f, 0xff, 0xff, 0xff, 0xff, 0xff, 0xff, 0xff, 0xff, 0xff, 0xff, 0xff, 0xff, 0xf0, 0x60,
    0x22, 0x40, 0x04, 0x04, 0x04, 0x00, 0x02, 0x00, 0x20, 0x20, 0x04, 0x00, 0x00, 0x8f, 0xff, 0xff, 0xff, 0xff, 0xff,
    0xff, 0xff, 0xff, 0xff, 0xff, 0xff, 0xff, 0xc1, 0x80, 0x00, 0x20, 0x80, 0x00, 0x04, 0x00, 0x80, 0x00, 0x23, 0x80,
    0x02, 0x24, 0x81, 0x1f, 0xff, 0xff, 0xff, 0xff, 0xff, 0xff, 0xff, 0xff, 0xff, 0xff, 0xff, 0xff, 0x8c, 0x00, 0x24,
    0x80, 0x08, 0x00, 0x00, 0x00, 0x00, 0x00, 0x02, 0xc0, 0x03, 0x00, 0x06, 0x3f, 0xff, 0xff, 0xff, 0xff, 0xff, 0xff,
    0xff, 0xff, 0xff, 0xff, 0xff, 0xff, 0x10, 0x00, 0x00, 0x20, 0x00, 0x00, 0x04, 0x02, 0x04, 0x80, 0x35, 0xe0, 0x01,
    0xd0, 0x0c, 0x7f, 0xff, 0xff, 0xff, 0xff, 0xff, 0xff, 0xff, 0xff, 0xff, 0xff, 0xff, 0xfe, 0x20, 0x00, 0x49, 0x00,
    0x28, 0x02, 0x02, 0x51, 0x52, 0x3b, 0xe6, 0xa0, 0x01, 0x1f, 0xf0, 0xff, 0xff, 0xff, 0xff, 0xff, 0xff, 0xff, 0xff,
    0xff, 0xff, 0xff, 0xff, 0xfe, 0x40, 0x00, 0x02, 0x20, 0x00, 0x00, 0x07, 0xdd, 0xb7, 0x4a, 0x53, 0x60, 0x00, 0x80,
    0x03, 0xff, 0xff, 0xff, 0xff, 0xff, 0xff, 0xff, 0xff, 0xff, 0xff, 0xff, 0xff, 0xe0, 0x80, 0x00, 0x50, 0x10, 0x50,
    0x00, 0x42, 0x00, 0x00, 0x20, 0x53, 0xc0, 0x00, 0x46, 0x1f, 0xff, 0xff, 0xff, 0xff, 0xff, 0xff, 0xff, 0xff, 0xff,
    0xff, 0xff, 0xff, 0xc4, 0x80, 0x00, 0x01, 0x40, 0x00, 0x80, 0x46, 0x96, 0x48, 0x52, 0xb0, 0x80, 0x00, 0x23, 0xff,
    0xff, 0xff, 0xff, 0xff, 0xff, 0xff, 0xff, 0xff, 0xff, 0xff, 0xff, 0xff, 0x8a, 0x80, 0x00, 0x14, 0x00, 0x10, 0x00,
    0x45, 0x12, 0x11, 0x48, 0x50, 0x00, 0x00, 0x11, 0xff, 0xff, 0xff, 0xff, 0xff, 0xff, 0xff, 0xff, 0xff, 0xff, 0xff,
    0xff, 0xf8, 0x31, 0x00, 0x00, 0x02, 0x00, 0x90, 0x04, 0x46, 0x9c, 0x40, 0x72, 0x28, 0x00, 0x00, 0x08, 0xff, 0xff,
    0xff, 0xff, 0xff, 0xff, 0xff, 0xff, 0xff, 0xff, 0xff, 0xff, 0xf0, 0x25, 0x80, 0x00, 0x00, 0x00, 0x20, 0x00, 0x05,
    0x0a, 0x08, 0x21, 0x28, 0x00, 0x00, 0x06, 0x7f, 0xff, 0xff, 0xff, 0xff, 0xff, 0xff, 0xff, 0xff, 0xff, 0xff, 0xff,
    0xf3, 0x62, 0x5c, 0x00, 0x00, 0x04, 0x20, 0x00, 0x05, 0x00, 0x22, 0x02, 0x2c, 0x00, 0x00, 0x11, 0x3f, 0xff, 0xff,
    0xff, 0xff, 0xff, 0xff, 0xff, 0xff, 0xff, 0xff, 0xff, 0xe4, 0x1c, 0xc2, 0x00, 0x00, 0x10, 0x40, 0x00, 0x05, 0x54,
    0x00, 0x50, 0xb4, 0x02, 0x01, 0x01, 0x1f, 0xff, 0xff, 0xff, 0xff, 0xff, 0xff, 0xff, 0xff, 0xff, 0xff, 0xff, 0xe1,
    0x6b, 0x02, 0x00, 0x00, 0x00, 0x80, 0x08, 0x0d, 0x12, 0xaa, 0x5a, 0x14, 0x00, 0x04, 0x00, 0x9f, 0xff, 0xff, 0xff,
    0xff, 0xff, 0xff, 0xff, 0xff, 0xff, 0xff, 0xff, 0xe5, 0xc3, 0x2a, 0x00, 0x00, 0x01, 0x00, 0x00, 0x0a, 0x56, 0x01,
    0x68, 0xae, 0x00, 0x00, 0x00, 0x4f, 0xff, 0xff, 0xff, 0xff, 0xff, 0xff, 0xff, 0xff, 0xff, 0xff, 0xff, 0xe1, 0x05,
    0x84, 0x00, 0x00, 0x21, 0x00, 0x00, 0x0d, 0x08, 0x28, 0x21, 0x7a, 0x00, 0x00, 0x00, 0x47, 0xff, 0xff, 0xff, 0xff,
    0xff, 0xff, 0xff, 0xff, 0xff, 0xff, 0xff, 0xc6, 0x04, 0xc8, 0x00, 0x00, 0x06, 0x00, 0x00, 0x0f, 0xd1, 0x22, 0x9d,
    0x86, 0x00, 0x04, 0x00, 0x23, 0xff, 0xff, 0xff, 0xff, 0xff, 0xff, 0xff, 0xff, 0xff, 0xff, 0xff, 0xc8, 0x08, 0xd1,
    0x00, 0x00, 0x88, 0x40, 0x10, 0x19, 0x0e, 0xb8, 0xe0, 0x83, 0x07, 0x00, 0x00, 0x11, 0xff, 0xff, 0xff, 0xff, 0xff,
    0xff, 0xff, 0xff, 0xff, 0xff, 0xff, 0xd0, 0x01, 0x28, 0x00, 0x88, 0x10, 0x04, 0x00, 0x16, 0x0c, 0x00, 0x40, 0xd5,
    0x8b, 0x80, 0x00, 0x08, 0xff, 0xff, 0xff, 0xff, 0xff, 0xff, 0xff, 0xff, 0xff, 0xff, 0xff, 0xd0, 0x14, 0x80, 0x00,
    0x00, 0x00, 0x00, 0x00, 0x14, 0x48, 0x2a, 0x29, 0x42, 0x8d, 0xc0, 0x00, 0x04, 0xff, 0xff, 0xff, 0xff, 0xff, 0xff,
    0xff, 0xff, 0xff, 0xff, 0xe0, 0x0c, 0x11, 0x04, 0x00, 0x21, 0x20, 0x00, 0x20, 0x39, 0x29, 0x00, 0x44, 0x22, 0xcd,
    0x40, 0x00, 0x02, 0x7f, 0xff, 0xff, 0xff, 0xff, 0xff, 0xff, 0xff, 0xff, 0xff, 0xc0, 0x36, 0x0e, 0x02, 0x01, 0x00,
    0x40, 0x00, 0x00, 0x28, 0x88, 0x55, 0x22, 0x29, 0x4d, 0xc0, 0x00, 0x02, 0x7f, 0xff, 0xff, 0xff, 0xff, 0xff, 0xff,
    0xff, 0xff, 0xff, 0xcd, 0x81, 0x00, 0x01, 0x00, 0x04, 0x80, 0x08, 0x04, 0x2a, 0x28, 0x20, 0x28, 0x90, 0x67, 0x80,
    0x00, 0x01, 0x7f, 0xff, 0xff, 0xff, 0xff, 0xff, 0xff, 0xff, 0xff, 0xff, 0xd0, 0x01, 0x00, 0x00, 0x00, 0x12, 0x00,
    0x00, 0x0c, 0x60, 0x89, 0x14, 0x84, 0x10, 0xa1, 0x00, 0x00, 0x01, 0x3f, 0xff, 0xff, 0xff, 0xff, 0xff, 0xff, 0xff,
    0xff, 0xff, 0xc8, 0x00, 0x80, 0x01, 0x02, 0x42, 0x00, 0x00, 0x08, 0x64, 0x10, 0xa2, 0x21, 0x08, 0x70, 0x04, 0x00,
    0x01, 0x1f, 0xff, 0xff, 0xff, 0xff, 0xff, 0xff, 0xff, 0xff, 0xff, 0xc8, 0x40, 0x40, 0x00, 0x08, 0x04, 0x00, 0x00,
    0x08, 0x41, 0x42, 0x08, 0x10, 0x49, 0x10, 0x00, 0x04, 0x08, 0x8f, 0xff, 0xff, 0xff, 0xff, 0xff, 0xff, 0xff, 0xff,
    0xff, 0xe4, 0x00, 0x20, 0x00, 0x80, 0x08, 0x00, 0x01, 0x00, 0xc8, 0x10, 0x20, 0x52, 0x00, 0x18, 0x00, 0x00, 0x20,
    0x4f, 0xff, 0xff, 0xff, 0xff, 0xff, 0xff, 0xff, 0xff, 0xff, 0xe2, 0x00, 0x10, 0x00, 0x40, 0x08, 0x00, 0x00, 0x00,
    0x88, 0x10, 0x02, 0x00, 0x14, 0x08, 0x01, 0x00, 0x00, 0x27, 0xff, 0xff, 0xff, 0xff, 0xff, 0xff, 0xff, 0xff, 0xff,
    0xf1, 0xc0, 0x10, 0x04, 0x04, 0x98, 0x00, 0x02, 0x00, 0xc2, 0x92, 0x90, 0x11, 0x04, 0xac, 0x00, 0x00, 0x82, 0x23,
    0xff, 0xff, 0xff, 0xff, 0xff, 0xff, 0xff, 0xff, 0xff, 0xf8, 0x3f, 0x48, 0x00, 0x60, 0x20, 0x00, 0x00, 0x01, 0x90,
    0x20, 0x09, 0x10, 0x42, 0x0c, 0x00, 0x00, 0x00, 0x11, 0xff, 0xff, 0xff, 0xff, 0xff, 0xff, 0xff, 0xff, 0xff, 0xff,
    0x00, 0x84, 0x11, 0x3d, 0xc1, 0x00, 0x04, 0x03, 0x08, 0x20, 0x40, 0x49, 0x12, 0xa2, 0x00, 0x44, 0x00, 0x09, 0xff,
    0xff, 0xff, 0xff, 0xff, 0xff, 0xff, 0xff, 0xff, 0xff, 0xf1, 0x00, 0x44, 0xc0, 0x84, 0x00, 0x08, 0x03, 0x22, 0xa2,
    0x29, 0x08, 0x49, 0x07, 0x00, 0x00, 0x00, 0x09, 0xff, 0xff, 0xff, 0xff, 0xff, 0xff, 0xff, 0xff, 0xff, 0xff, 0xf2,
    0x07, 0x01, 0x10, 0x80, 0x20, 0x00, 0x02, 0x10, 0x28, 0x84, 0x22, 0x01, 0x21, 0x00, 0x20, 0x00, 0x49, 0xff, 0xff,
    0xff, 0xff, 0xff, 0xff, 0xff, 0xff, 0xff, 0xff, 0xf2, 0x3b, 0x06, 0x39, 0x00, 0x08, 0x10, 0x06, 0xa5, 0x41, 0x28,
    0x89, 0x29, 0x12, 0x81, 0x80, 0x00, 0x19, 0xff, 0xff, 0xff, 0xff, 0xff, 0xff, 0xff, 0xff, 0xff, 0xff, 0xf1, 0x40,
    0xc8, 0x72, 0x00, 0x02, 0x20, 0x04, 0x10, 0x40, 0x02, 0x08, 0x84, 0x81, 0x82, 0xe0, 0x00, 0x73, 0xff, 0xff, 0xff,
    0xff, 0xff, 0xff, 0xff, 0xff, 0xff, 0xff, 0xf8, 0x0c, 0x71, 0xf4, 0x00, 0x00, 0x80, 0x0c, 0x85, 0x15, 0x50, 0xaa,
    0x20, 0xc8, 0xc7, 0x60, 0x08, 0xe3, 0xff, 0xff, 0xff, 0xff, 0xff, 0xff, 0xff, 0xff, 0xff, 0xff, 0xfc, 0x7e, 0x03,
    0xf4, 0x00, 0x00, 0x00, 0x08, 0x20, 0x40, 0x2a, 0x04, 0x88, 0x40, 0x63, 0xa0, 0x01, 0x90, 0x3f, 0xff, 0xff, 0xff,
    0xff, 0xff, 0xff, 0xff, 0xff, 0xff, 0xff, 0xff, 0xff, 0xf3, 0x00, 0x00, 0x00, 0x19, 0x08, 0x92, 0x80, 0x24, 0x02,
    0x22, 0x22, 0xe0, 0x43, 0xaa, 0x1f, 0xff, 0xff, 0xff, 0xff, 0xff, 0xff, 0xff, 0xff, 0xff, 0xff, 0xff, 0xff, 0xf1,
    0xc2, 0x00, 0x04, 0x10, 0x22, 0x40, 0x29, 0x04, 0x40, 0x20, 0x33, 0xa2, 0x06, 0x59, 0x9f, 0xff, 0xff, 0xff, 0xff,
    0xff, 0xff, 0xff, 0xff, 0xff, 0xff, 0xff, 0xff, 0xf3, 0x70, 0x00, 0x8c, 0x32, 0x00, 0x84, 0x00, 0x24, 0x09, 0x24,
    0x98, 0xc0, 0x1c, 0x30, 0x5f, 0xff, 0xff, 0xff, 0xff, 0xff, 0xff, 0xff, 0xff, 0xff, 0xff, 0xff, 0xff, 0xe4, 0x38,
    0x00, 0x08, 0x20, 0x90, 0x90, 0xa9, 0x04, 0x80, 0x10, 0x18, 0x00, 0x31, 0x20, 0x5f, 0xff, 0xff, 0xff, 0xff, 0xff,
    0xff, 0xff, 0xff, 0xff, 0xff, 0xff, 0xff, 0x86, 0x86, 0x12, 0x08, 0x64, 0x04, 0x80, 0x00, 0x04, 0x24, 0x91, 0x04,
    0x00, 0xe4, 0x60, 0x9f, 0xff, 0xff, 0xff, 0xff, 0xff, 0xff, 0xff, 0xff, 0xff, 0xff, 0xff, 0xff, 0x1b, 0x07, 0x80,
    0x00, 0x60, 0x91, 0x02, 0x49, 0x22, 0x00, 0x18, 0x04, 0x03, 0x80, 0xd0, 0x9f, 0xff, 0xff, 0xff, 0xff, 0xff, 0xff,
    0xff, 0xff, 0xff, 0xff, 0xff, 0xfe, 0x60, 0x90, 0xe0, 0x00, 0xc4, 0x01, 0x20, 0x00, 0x06, 0x49, 0x08, 0x16, 0x06,
    0x89, 0x02, 0x3f, 0xff, 0xff, 0xff, 0xff, 0xff, 0xff, 0xff, 0xff, 0xff, 0xff, 0xff, 0xfe, 0x40, 0xe0, 0x34, 0x01,
    0x80, 0x91, 0x04, 0xa9, 0x12, 0x00, 0x44, 0xa3, 0x1b, 0x03, 0x01, 0x3f, 0xff, 0xff, 0xff, 0xff, 0xff, 0xff, 0xff,
    0xff, 0xff, 0xff, 0xff, 0xfe, 0x40, 0x31, 0x1e, 0x01, 0x80, 0x05, 0x10, 0x00, 0x42, 0x48, 0x04, 0x01, 0xf1, 0x24,
    0x81, 0x7f, 0xff, 0xff, 0xff, 0xff, 0xff, 0xff, 0xff, 0xff, 0xff, 0xff, 0xff, 0xff, 0x20, 0x1c, 0x13, 0x83, 0x08,
    0x01, 0x42, 0x49, 0x03, 0x00, 0x26, 0x01, 0x40, 0x88, 0x22, 0x7f, 0xff, 0xff, 0xff, 0xff, 0xff, 0xff, 0xff, 0xff,
    0xff, 0xff, 0xff, 0xff, 0x20, 0x22, 0x50, 0xe5, 0x01, 0x41, 0x00, 0x24, 0x11, 0x02, 0x82, 0x24, 0x09, 0xb0, 0x04,
    0x7f, 0xff, 0xff, 0xff, 0xff, 0xff, 0xff, 0xff, 0xff, 0xff, 0xff, 0xff, 0xff, 0x90, 0x81, 0x90, 0x3e, 0x40, 0x0a,
    0x00, 0x00, 0x02, 0x20, 0x02, 0x00, 0x43, 0x40, 0x14, 0xff, 0xff, 0xff, 0xff, 0xff, 0xff, 0xff, 0xff, 0xff, 0xff,
    0xff, 0xff, 0xff, 0xc9, 0x00, 0x5c, 0x02, 0x12, 0x03, 0x24, 0x00, 0x01, 0x00, 0x09, 0x48, 0x0d, 0x80, 0x39, 0xff,
    0xff, 0xff, 0xff, 0xff, 0xff, 0xff, 0xff, 0xff, 0xff, 0xff, 0xff, 0xff, 0xe4, 0x80, 0x2e, 0x04, 0x00, 0x42, 0x01,
    0x55, 0x49, 0x04, 0x41, 0x02, 0x30, 0x40, 0x23, 0xff, 0xff, 0xff, 0xff, 0xff, 0xff, 0xff, 0xff, 0xff, 0xff, 0xff,
    0xff, 0xff, 0xf2, 0x00, 0x01, 0xc7, 0x09, 0x14, 0x00, 0x00, 0x01, 0x90, 0x11, 0x90, 0xc4, 0x10, 0x47, 0xff, 0xff,
    0xff, 0xff, 0xff, 0xff, 0xff, 0xff, 0xff, 0xff, 0xff, 0xff, 0xff, 0xf2, 0x20, 0x04, 0x32, 0xe0, 0x06, 0x40, 0x00,
    0x01, 0x02, 0x41, 0x43, 0x80, 0x00, 0x8f, 0xff, 0xff, 0xff, 0xff, 0xff, 0xff, 0xff, 0xff, 0xff, 0xff, 0xff, 0xff,
    0xff, 0xf1, 0x90, 0x10, 0x0f, 0x98, 0x44, 0x0a, 0x54, 0x45, 0x90, 0x0f, 0x1a, 0x60, 0x05, 0x9f, 0xff, 0xff, 0xff,
    0xff, 0xff, 0xff, 0xff, 0xff, 0xff, 0xff, 0xff, 0xff, 0xff, 0xf8, 0x58, 0x00, 0x00, 0x27, 0x04, 0x80, 0x01, 0x01,
    0x40, 0xb7, 0x60, 0x10, 0x0a, 0x3f, 0xff, 0xff, 0xff, 0xff, 0xff, 0xff, 0xff, 0xff, 0xff, 0xff, 0xff, 0xff, 0xff,
    0xfe, 0x24, 0x20, 0x00, 0x40, 0xee, 0x09, 0x50, 0x11, 0x46, 0x80, 0x00, 0x00, 0x14, 0x7f, 0xff, 0xff, 0xff, 0xff,
    0xff, 0xff, 0xff, 0xff, 0xff, 0xff, 0xff, 0xff, 0xff, 0xff, 0x02, 0x08, 0x00, 0x80, 0x05, 0x00, 0x04, 0x41, 0xd9,
    0x01, 0x00, 0x00, 0x20, 0xff, 0xff, 0xff, 0xff, 0xff, 0xff, 0xff, 0xff, 0xff, 0xff, 0xff, 0xff, 0xff, 0xff, 0xff,
    0xf1, 0x04, 0x00, 0x00, 0x08, 0xf4, 0x40, 0x16, 0x00, 0x00, 0x80, 0x08, 0x47, 0xff, 0xff, 0xff, 0xff, 0xff, 0xff,
    0xff, 0xff, 0xff, 0xff, 0xff, 0xff, 0xff, 0xff, 0xff, 0xf8, 0xda, 0x01, 0x00, 0x00, 0x0b, 0xbf, 0xe8, 0x24, 0x00,
    0x00, 0x21, 0x8f, 0xff, 0xff, 0xff, 0xff, 0xff, 0xff, 0xff, 0xff, 0xff, 0xff, 0xff, 0xff, 0xff, 0xff, 0xff, 0xfe,
    0x01, 0x00, 0x40, 0x00, 0x00, 0x00, 0x04, 0x80, 0x00, 0x00, 0x76, 0x1f, 0xff, 0xff, 0xff, 0xff, 0xff, 0xff, 0xff,
    0xff, 0xff, 0xff, 0xff, 0xff, 0xff, 0xff, 0xff, 0xff, 0x00, 0xc1, 0x20, 0x00, 0x04, 0x08, 0x02, 0x00, 0x01, 0x40,
    0x80, 0x7f, 0xff, 0xff, 0xff, 0xff, 0xff, 0xff, 0xff, 0xff, 0xff, 0xff, 0xff, 0xff, 0xff, 0xff, 0xff, 0xff, 0xf9,
    0x60, 0x48, 0x00, 0x00, 0x00, 0x00, 0x00, 0x06, 0x03, 0x01, 0xff, 0xff, 0xff, 0xff, 0xff, 0xff, 0xff, 0xff, 0xff,
    0xff, 0xff, 0xff, 0xff, 0xff, 0xff, 0xff, 0xff, 0xf9, 0x1a, 0x04, 0x40, 0x08, 0x00, 0x00, 0x00, 0x09, 0x16, 0x9f,
    0xff, 0xff, 0xff, 0xff, 0xff, 0xff, 0xff, 0xff, 0xff, 0xff, 0xff, 0xff, 0xff, 0xff, 0xff, 0xff, 0xff, 0xfc, 0x58,
    0x91, 0x30, 0x00, 0x00, 0x00, 0x00, 0x20, 0xa3, 0x3f, 0xff, 0xff, 0xff, 0xff, 0xff, 0xff, 0xff, 0xff, 0xff, 0xff,
    0xff, 0xff, 0xff, 0xff, 0xff, 0xff, 0xff, 0xfe, 0x28, 0x00, 0x04, 0x04, 0x00, 0x02, 0x80, 0x82, 0x06, 0x3f, 0xff,
    0xff, 0xff, 0xff, 0xff, 0xff, 0xff, 0xff, 0xff, 0xff, 0xff, 0xff, 0xff, 0xff, 0xff, 0xff, 0xff, 0xff, 0x0c, 0x40,
    0x02, 0xa2, 0x80, 0x14, 0x02, 0x20, 0x04, 0xff, 0xff, 0xff, 0xff, 0xff, 0xff, 0xff, 0xff, 0xff, 0xff, 0xff, 0xff,
    0xff, 0xff, 0xff, 0xff, 0xff, 0xff, 0xff, 0xe4, 0x00, 0x00, 0x10, 0x51, 0x42, 0x14, 0x08, 0x94, 0xff, 0xff, 0xff,
    0xff, 0xff, 0xff, 0xff, 0xff, 0xff, 0xff, 0xff, 0xff, 0xff, 0xff, 0xff, 0xff, 0xff, 0xff, 0xff, 0xe4, 0x01, 0x00,
    0x02, 0x1b, 0x08, 0x80, 0x82, 0x05, 0xff, 0xff, 0xff, 0xff, 0xff, 0xff, 0xff, 0xff, 0xff, 0xff, 0xff, 0xff, 0xff,
    0xff, 0xff, 0xff, 0xff, 0xff, 0xff, 0xe6, 0x00, 0x00, 0x00, 0x12, 0x00, 0x20, 0x20, 0x49, 0xff, 0xff, 0xff, 0xff,
    0xff, 0xff, 0xff, 0xff, 0xff, 0xff, 0xff, 0xff, 0xff, 0xff, 0xff, 0xff, 0xff, 0xff, 0xff, 0xf2, 0x00, 0x00, 0x00,
    0x11, 0x24, 0x84, 0x00, 0x09, 0xff, 0xff, 0xff, 0xff, 0xff, 0xff, 0xff, 0xff, 0xff, 0xff, 0xff, 0xff, 0xff, 0xff,
    0xff, 0xff, 0xff, 0xff, 0xff, 0xf2, 0x04, 0x00, 0x00, 0x11, 0x00, 0x01, 0x00, 0x09, 0xff, 0xff, 0xff, 0xff, 0xff,
    0xff, 0xff, 0xff, 0xff, 0xff, 0xff, 0xff, 0xff, 0xff, 0xff, 0xff, 0xff, 0xff, 0xff, 0xf9, 0x00, 0x04, 0x00, 0x11,
    0x12, 0x20, 0x00, 0x1b, 0xff, 0xff, 0xff, 0xff, 0xff, 0xff, 0xff, 0xff, 0xff, 0xff, 0xff, 0xff, 0xff, 0xff, 0xff,
    0xff, 0xff, 0xff, 0xff, 0xf9, 0x00, 0x00, 0x00, 0x11, 0x00, 0x04, 0x00, 0x13, 0xff, 0xff, 0xff, 0xff, 0xff, 0xff,
    0xff, 0xff, 0xff, 0xff, 0xff, 0xff, 0xff, 0xff, 0xff, 0xff, 0xff, 0xff, 0xff, 0xf9, 0x00, 0x00, 0x08, 0x11, 0x20,
    0x80, 0x04, 0x13, 0xff, 0xff, 0xff, 0xff, 0xff, 0xff, 0xff, 0xff, 0xff, 0xff, 0xff, 0xff, 0xff, 0xff, 0xff, 0xff,
    0xff, 0xff, 0xff, 0xfc, 0x80, 0x20, 0x20, 0x51, 0x00, 0x00, 0x00, 0x37, 0xff, 0xff, 0xff, 0xff, 0xff, 0xff, 0xff,
    0xff, 0xff, 0xff, 0xff, 0xff, 0xff, 0xff, 0xff, 0xff, 0xff, 0xff, 0xff, 0xfc, 0x80, 0x00, 0x00, 0x11, 0x00, 0x00,
    0x00, 0x27, 0xff, 0xff, 0xff, 0xff, 0xff, 0xff, 0xff, 0xff, 0xff, 0xff, 0xff, 0xff, 0xff, 0xff, 0xff, 0xff, 0xff,
    0xff, 0xff, 0xfe, 0x44, 0x00, 0x00, 0x09, 0x00, 0x00, 0x10, 0x27, 0xff, 0xff, 0xff, 0xff, 0xff, 0xff, 0xff, 0xff,
    0xff, 0xff, 0xff, 0xff, 0xff, 0xff, 0xff, 0xff, 0xff, 0xff, 0xff, 0xfe, 0x40, 0x00, 0x80, 0x10, 0x80, 0x00, 0x00,
    0x6f, 0xff, 0xff, 0xff, 0xff, 0xff, 0xff, 0xff, 0xff, 0xff, 0xff, 0xff, 0xff, 0xff, 0xff, 0xff, 0xff, 0xff, 0xff,
    0xff, 0xfe, 0x40, 0x02, 0x00, 0x08, 0x82, 0x00, 0x80, 0x4f, 0xff, 0xff, 0xff, 0xff, 0xff, 0xff, 0xff, 0xff, 0xff,
    0xff, 0xff, 0xff, 0xff, 0xff, 0xff, 0xff, 0xff, 0xff, 0xff, 0xff, 0x60, 0x10, 0x00, 0x10, 0x80, 0x10, 0x00, 0x4f,
    0xff, 0xff, 0xff, 0xff, 0xff, 0xff, 0xff, 0xff, 0xff, 0xff, 0xff, 0xff, 0xff, 0xff, 0xff, 0xff, 0xff, 0xff, 0xff,
    0xfe, 0x60, 0x00, 0x02, 0x08, 0x80, 0x00, 0x00, 0x9f, 0xff, 0xff, 0xff, 0xff, 0xff, 0xff, 0xff, 0xff, 0xff, 0xff,
    0xff, 0xff, 0xff, 0xff, 0xff, 0xff, 0xff, 0xff, 0xff, 0xfc, 0xc0, 0x40, 0x00, 0x08, 0x80, 0x00, 0x00, 0x9f, 0xff,
    0xff, 0xff, 0xff, 0xff, 0xff, 0xff, 0xff, 0xff, 0xff, 0xff, 0xff, 0xff, 0xff, 0xff, 0xff, 0xff, 0xff, 0xff, 0xf8,
    0x80, 0x00, 0x10, 0x10, 0x80, 0x00, 0x00, 0x9f, 0xff, 0xff, 0xff, 0xff, 0xff, 0xff, 0xff, 0xff, 0xff, 0xff, 0xff,
    0xff, 0xff, 0xff, 0xff, 0xff, 0xff, 0xff, 0xff, 0xf1, 0x00, 0x00, 0x00, 0x50, 0x80, 0x80, 0x08, 0x9f, 0xff, 0xff,
    0xff, 0xff, 0xff, 0xff, 0xff, 0xff, 0xff, 0xff, 0xff, 0xff, 0xff, 0xff, 0xff, 0xff, 0xff, 0xff, 0xff, 0xe2, 0x00,
    0x01, 0x00, 0x10, 0x82, 0x04, 0x41, 0xbf, 0xff, 0xff, 0xff, 0xff, 0xff, 0xff, 0xff, 0xff, 0xff, 0xff, 0xff, 0xff,
    0xff, 0xff, 0xff, 0xff, 0xff, 0xff, 0xff, 0x86, 0x08, 0x84, 0x02, 0x10, 0x80, 0x00, 0x00, 0xbf, 0xff, 0xff, 0xff,
    0xff, 0xff, 0xff, 0xff, 0xff, 0xff, 0xff, 0xff, 0xff, 0xff, 0xff, 0xff, 0xff, 0xff, 0xff, 0xff, 0x94, 0x00, 0x00,
    0x10, 0x10, 0x80, 0x00, 0x01, 0x3f, 0xff, 0xff, 0xff, 0xff, 0xff, 0xff, 0xff, 0xff, 0xff, 0xff, 0xff, 0xff, 0xff,
    0xff, 0xff, 0xff, 0xff, 0xff, 0xff, 0x84, 0x00, 0x10, 0x00, 0x24, 0x80, 0x00, 0x00, 0xbf, 0xff, 0xff, 0xff, 0xff,
    0xff, 0xff, 0xff, 0xff, 0xff, 0xff, 0xff, 0xff, 0xff, 0xff, 0xff, 0xff, 0xff, 0xff, 0xf8, 0x2c, 0x00, 0x00, 0x00,
    0x64, 0x80, 0x22, 0x00, 0x9f, 0xff, 0xff, 0xff, 0xff, 0xff, 0xff, 0xff, 0xff, 0xff, 0xff, 0xff, 0xff, 0xff, 0xff,
    0xff, 0xff, 0xff, 0xff, 0xf9, 0x04, 0x08, 0x80, 0x84, 0x4e, 0x84, 0x80, 0x00, 0x9f, 0xff, 0xff, 0xff, 0xff, 0xff,
    0xff, 0xff, 0xff, 0xff, 0xff, 0xff, 0xff, 0xff, 0xff, 0xff, 0xff, 0xff, 0xff, 0xfa, 0xa0, 0x20, 0x04, 0x10, 0x8e,
    0x80, 0x00, 0x20, 0x9f, 0xff, 0xff, 0xff, 0xff, 0xff, 0xff, 0xff, 0xff, 0xff, 0xff, 0xff, 0xff, 0xff, 0xff, 0xff,
    0xff, 0xff, 0xff, 0xf2, 0x44, 0x00, 0x10, 0x01, 0x9e, 0x40, 0x00, 0x00, 0x4f, 0xff, 0xff, 0xff, 0xff, 0xff, 0xff,
    0xff, 0xff, 0xff, 0xff, 0xff, 0xff, 0xff, 0xff, 0xff, 0xff, 0xff, 0xff, 0xf2, 0x22, 0x00, 0x00, 0x43, 0x3e, 0x40,
    0x04, 0x00, 0x4f, 0xff, 0xff, 0xff, 0xff, 0xff, 0xff, 0xff, 0xff, 0xff, 0xff, 0xff, 0xff, 0xff, 0xff, 0xff, 0xff,
    0xff, 0xff, 0xf0, 0xe0, 0x00, 0x01, 0x04, 0x7e, 0x44, 0x40, 0x40, 0x4f, 0xff, 0xff, 0xff, 0xff, 0xff, 0xff, 0xff,
    0xff, 0xff, 0xff, 0xff, 0xff, 0xff, 0xff, 0xff, 0xff, 0xff, 0xff, 0xf2, 0x51, 0x01, 0x04, 0x0c, 0xff, 0x20, 0x00,
    0x00, 0x27, 0xff, 0xff, 0xff, 0xff, 0xff, 0xff, 0xff, 0xff, 0xff, 0xff, 0xff, 0xff, 0xff, 0xff, 0xff, 0xff, 0xff,
    0xff, 0xf1, 0xa8, 0x84, 0x10, 0x09, 0xff, 0x20, 0x02, 0x02, 0x27, 0xff, 0xff, 0xff, 0xff, 0xff, 0xff, 0xff, 0xff,
    0xff, 0xff, 0xff, 0xff, 0xff, 0xff, 0xff, 0xff, 0xff, 0xff, 0xf1, 0x64, 0x40, 0x00, 0x1b, 0xff, 0x21, 0x10, 0x00,
    0x27, 0xff, 0xff, 0xff, 0xff, 0xff, 0xff, 0xff, 0xff, 0xff, 0xff, 0xff, 0xff, 0xff, 0xff, 0xff, 0xff, 0xff, 0xff,
    0xe5, 0x62, 0x00, 0x00, 0x2b, 0xff, 0xa0, 0x00, 0x00, 0x27, 0xff, 0xff, 0xff, 0xff, 0xff, 0xff, 0xff, 0xff, 0xff,
    0xff, 0xff, 0xff, 0xff, 0xff, 0xff, 0xff, 0xff, 0xff, 0xe4, 0xa6, 0x28, 0x00, 0xd3, 0xff, 0x90, 0x00, 0x00, 0x17,
    0xff, 0xff, 0xff, 0xff, 0xff, 0xff, 0xff, 0xff, 0xff, 0xff, 0xff, 0xff, 0xff, 0xff, 0xff, 0xff, 0xff, 0xff, 0xe5,
    0x64, 0x02, 0x42, 0x93, 0xff, 0x90, 0x00, 0x10, 0x31, 0xff, 0xff, 0xff, 0xff, 0xff, 0xff, 0xff, 0xff, 0xff, 0xff,
    0xff, 0xff, 0xff, 0xff, 0xff, 0xff, 0xff, 0xff, 0xe2, 0x58, 0x00, 0x9a, 0x23, 0xff, 0x90, 0x40, 0x80, 0x11, 0xff,
    0xff, 0xff, 0xff, 0xff, 0xff, 0xff, 0xff, 0xff, 0xff, 0xff, 0xff, 0xff, 0xff, 0xff, 0xff, 0xff, 0xff, 0xf2, 0x10,
    0x40, 0x00, 0x47, 0xff, 0x10, 0x04, 0x00, 0x35, 0xff, 0xff, 0xff, 0xff, 0xff, 0xff, 0xff, 0xff, 0xff, 0xff, 0xff,
    0xff, 0xff, 0xff, 0xff, 0xff, 0xff, 0xff, 0xf0, 0x50, 0x00, 0x00, 0x8f, 0xff, 0x30, 0x00, 0x00, 0x05, 0xff, 0xff,
    0xff, 0xff, 0xff, 0xff, 0xff, 0xff, 0xff, 0xff, 0xff, 0xff, 0xff, 0xff, 0xff, 0xff, 0xff, 0xff, 0xfe, 0x48, 0x0a,
    0x08, 0x9f, 0xff, 0x10, 0x00, 0x02, 0x89, 0xff, 0xff, 0xff, 0xff, 0xff, 0xff, 0xff, 0xff, 0xff, 0xff, 0xff, 0xff,
    0xff, 0xff, 0xff, 0xff, 0xff, 0xff, 0xfe, 0x31, 0x00, 0x41, 0x3f, 0xff, 0x45, 0x00, 0x04, 0x08, 0xff, 0xff, 0xff,
    0xff, 0xff, 0xff, 0xff, 0xff, 0xff, 0xff, 0xff, 0xff, 0xff, 0xff, 0xff, 0xff, 0xff, 0xff, 0xff, 0x10, 0x00, 0x03,
    0x3f, 0xff, 0x20, 0x52, 0x50, 0x10, 0x3f, 0xff, 0xff, 0xff, 0xff, 0xff, 0xff, 0xff, 0xff, 0xff, 0xff, 0xff, 0xff,
    0xff, 0xff, 0xff, 0xff, 0xff, 0xff, 0x90, 0x10, 0x02, 0x7f, 0xff, 0x20, 0x04, 0x00, 0x17, 0x3f, 0xff, 0xff, 0xff,
    0xff, 0xff, 0xff, 0xff, 0xff, 0xff, 0xff, 0xff, 0xff, 0xff, 0xff, 0xff, 0xff, 0xff, 0xff, 0x90, 0x40, 0x04, 0x7f,
    0xff, 0x80, 0x00, 0x01, 0x58, 0x3f, 0xff, 0xff, 0xff, 0xff, 0xff, 0xff, 0xff, 0xff, 0xff, 0xff, 0xff, 0xff, 0xff,
    0xff, 0xff, 0xff, 0xff, 0xff, 0xd0, 0x01, 0x24, 0xff, 0xff, 0x90, 0x00, 0x02, 0x65, 0x3f, 0xff, 0xff, 0xff, 0xff,
    0xff, 0xff, 0xff, 0xff, 0xff, 0xff, 0xff, 0xff, 0xff, 0xff, 0xff, 0xff, 0xff, 0xff, 0xc8, 0x00, 0x08, 0xff, 0xff,
    0x94, 0x00, 0x02, 0x29, 0x3f, 0xff, 0xff, 0xff, 0xff, 0xff, 0xff, 0xff, 0xff, 0xff, 0xff, 0xff, 0xff, 0xff, 0xff,
    0xff, 0xff, 0xff, 0xff, 0x98, 0x04, 0x09, 0xff, 0xff, 0x90, 0x20, 0x12, 0xb1, 0x3f, 0xff, 0xff, 0xff, 0xff, 0xff,
    0xff, 0xff, 0xff, 0xff, 0xff, 0xff, 0xff, 0xff, 0xff, 0xff, 0xff, 0xff, 0xff, 0x98, 0x90, 0x09, 0xff, 0xff, 0x90,
    0x00, 0x02, 0x3d, 0x3f, 0xff, 0xff, 0xff, 0xff, 0xff, 0xff, 0xff, 0xff, 0xff, 0xff, 0xff, 0xff, 0xff, 0xff, 0xff,
    0xff, 0xff, 0xff, 0x30, 0x00, 0x13, 0xff, 0xff, 0x90, 0x00, 0x00, 0x74, 0x7f, 0xff, 0xff, 0xff, 0xff, 0xff, 0xff,
    0xff, 0xff, 0xff, 0xff, 0xff, 0xff, 0xff, 0xff, 0xff, 0xff, 0xff, 0xff, 0x30, 0x00, 0x9b, 0xff, 0xff, 0x90, 0x00,
    0x01, 0x94, 0x7f, 0xff, 0xff, 0xff, 0xff, 0xff, 0xff, 0xff, 0xff, 0xff, 0xff, 0xff, 0xff, 0xff, 0xff, 0xff, 0xff,
    0xff, 0xfe, 0x78, 0x00, 0x13, 0xff, 0xff, 0x90, 0x00, 0x00, 0xa2, 0x7f, 0xff, 0xff, 0xff, 0xff, 0xff, 0xff, 0xff,
    0xff, 0xff, 0xff, 0xff, 0xff, 0xff, 0xff, 0xff, 0xff, 0xff, 0xfe, 0x78, 0x92, 0x09, 0xff, 0xff, 0x90, 0x00, 0x01,
    0x2a, 0x7f, 0xff, 0xff, 0xff, 0xff, 0xff, 0xff, 0xff, 0xff, 0xff, 0xff, 0xff, 0xff, 0xff, 0xff, 0xff, 0xff, 0xff,
    0xfe, 0xf0, 0x00, 0x09, 0xff, 0xff, 0x80, 0x00, 0x01, 0x29, 0x7f, 0xff, 0xff, 0xff, 0xff, 0xff, 0xff, 0xff, 0xff,
    0xff, 0xff, 0xff, 0xff, 0xff, 0xff, 0xff, 0xff, 0xff, 0xfc, 0xf0, 0x00, 0x8c, 0xff, 0xff, 0x90, 0x00, 0x02, 0x24,
    0x7f, 0xff, 0xff, 0xff, 0xff, 0xff, 0xff, 0xff, 0xff, 0xff, 0xff, 0xff, 0xff, 0xff, 0xff, 0xff, 0xff, 0xff, 0xfc,
    0xf9, 0x20, 0x04, 0xff, 0xff, 0x90, 0x00, 0x01, 0x40, 0xff, 0xff, 0xff, 0xff, 0xff, 0xff, 0xff, 0xff, 0xff, 0xff,
    0xff, 0xff, 0xff, 0xff, 0xff, 0xff, 0xff, 0xff, 0xfc, 0xf8, 0x03, 0xfe, 0x7f, 0xff, 0x90, 0x00, 0x00, 0x81, 0xff,
    0xff, 0xff, 0xff, 0xff, 0xff, 0xff, 0xff, 0xff, 0xff, 0xff, 0xff, 0xff, 0xff, 0xff, 0xff, 0xff, 0xff, 0xfc, 0xf8,
    0x0e, 0xff, 0x3f, 0xff, 0x90, 0x00, 0x21, 0x1f, 0xff, 0xff, 0xff, 0xff, 0xff, 0xff, 0xff, 0xff, 0xff, 0xff, 0xff,
    0xff, 0xff, 0xff, 0xff, 0xff, 0xff, 0xff, 0xfc, 0xfc, 0x1e, 0xff, 0x3f, 0xff, 0x80, 0x00, 0x01, 0x3f, 0xff, 0xff,
    0xff, 0xff, 0xff, 0xff, 0xff, 0xff, 0xff, 0xff, 0xff, 0xff, 0xff, 0xff, 0xff, 0xff, 0xff, 0xff, 0xfc, 0xfc, 0x3f,
    0xff, 0x3f, 0xff, 0x90, 0x00, 0x03, 0x3f, 0xff, 0xff, 0xff, 0xff, 0xff, 0xff, 0xff, 0xff, 0xff, 0xff, 0xff, 0xff,
    0xff, 0xff, 0xff, 0xff, 0xff, 0xff, 0xfc, 0xfc, 0x7b, 0x6b, 0x9f, 0xff, 0x90, 0x00, 0x02, 0x7f, 0xff, 0xff, 0xff,
    0xff, 0xff, 0xff, 0xff, 0xff, 0xff, 0xff, 0xff, 0xff, 0xff, 0xff, 0xff, 0xff, 0xff, 0xff, 0xfc, 0xf6, 0xff, 0x01,
    0x9f, 0xff, 0x90, 0x00, 0x02, 0x7f, 0xff, 0xff, 0xff, 0xff, 0xff, 0xff, 0xff, 0xff, 0xff, 0xff, 0xff, 0xff, 0xff,
    0xff, 0xff, 0xff, 0xff, 0xff, 0xfe, 0xff, 0x9c, 0x00, 0xcf, 0xff, 0x80, 0x00, 0x04, 0xff, 0xff, 0xff, 0xff, 0xff,
    0xff, 0xff, 0xff, 0xff, 0xff, 0xff, 0xff, 0xff, 0xff, 0xff, 0xff, 0xff, 0xff, 0xff, 0xfe, 0x7f, 0x02, 0x00, 0xcf,
    0xff, 0x90, 0x01, 0x04, 0xff, 0xff, 0xff, 0xff, 0xff, 0xff, 0xff, 0xff, 0xff, 0xff, 0xff, 0xff, 0xff, 0xff, 0xff,
    0xff, 0xff, 0xff, 0xff, 0xfe, 0xff, 0x81, 0x00, 0x67, 0xff, 0x90, 0x00, 0x09, 0xff, 0xff, 0xff, 0xff, 0xff, 0xff,
    0xff, 0xff, 0xff, 0xff, 0xff, 0xff, 0xff, 0xff, 0xff, 0xff, 0xff, 0xff, 0xff, 0xfe, 0x7e, 0x22, 0x1f, 0xf3, 0xff,
    0x90, 0x00, 0x09, 0xff, 0xff, 0xff, 0xff, 0xff, 0xff, 0xff, 0xff, 0xff, 0xff, 0xff, 0xff, 0xff, 0xff, 0xff, 0xff,
    0xff, 0xff, 0xff, 0xfe, 0x7c, 0x0a, 0xff, 0xf1, 0xff, 0xa0, 0x00, 0x19, 0xff, 0xff, 0xff, 0xff, 0xff, 0xff, 0xff,
    0xff, 0xff, 0xff, 0xff, 0xff, 0xff, 0xff, 0xff, 0xff, 0xff, 0xff, 0xff, 0xff, 0x3e, 0x21, 0xff, 0xf9, 0xff, 0xa0,
    0x00, 0x13, 0xff, 0xff, 0xff, 0xff, 0xff, 0xff, 0xff, 0xff, 0xff, 0xff, 0xff, 0xff, 0xff, 0xff, 0xff, 0xff, 0xff,
    0xff, 0xff, 0xff, 0x3f, 0x81, 0xda, 0xec, 0xff, 0x20, 0x00, 0x13, 0xff, 0xff, 0xff, 0xff, 0xff, 0xff, 0xff, 0xff,
    0xff, 0xff, 0xff, 0xff, 0xff, 0xff, 0xff, 0xff, 0xff, 0xff, 0xff, 0xff, 0x9f, 0x8f, 0xff, 0xfc, 0xff, 0x20, 0x00,
    0x27, 0xff, 0xff, 0xff, 0xff, 0xff, 0xff, 0xff, 0xff, 0xff, 0xff, 0xff, 0xff, 0xff, 0xff, 0xff, 0xff, 0xff, 0xff,
    0xff, 0xff, 0x8f, 0x9f, 0x6f, 0x7c, 0xff, 0x40, 0x08, 0x27, 0xff, 0xff, 0xff, 0xff, 0xff, 0xff, 0xff, 0xff, 0xff,
    0xff, 0xff, 0xff, 0xff, 0xff, 0xff, 0xff, 0xff, 0xff, 0xff, 0xff, 0xef, 0xff, 0xfd, 0xf6, 0xfe, 0x40, 0x00, 0x27,
    0xff, 0xff, 0xff, 0xff, 0xff, 0xff, 0xff, 0xff, 0xff, 0xff, 0xff, 0xff, 0xff, 0xff, 0xff, 0xff, 0xff, 0xff, 0xff,
    0xff, 0xe7, 0xfb, 0xb7, 0xde, 0xfe, 0x40, 0x00, 0x27, 0xff, 0xff, 0xff, 0xff, 0xff, 0xff, 0xff, 0xff, 0xff, 0xff,
    0xff, 0xff, 0xff, 0xff, 0xff, 0xff, 0xff, 0xff, 0xff, 0xff, 0xe7, 0xdf, 0xff, 0xfe, 0x7c, 0x9e, 0x00, 0x27, 0xff,
    0xff, 0xff, 0xff, 0xff, 0xff, 0xff, 0xff, 0xff, 0xff, 0xff, 0xff, 0xff, 0xff, 0xff, 0xff, 0xff, 0xff, 0xff, 0xff,
    0xe7, 0xfb, 0x65, 0x7e, 0x78, 0xff, 0xc0, 0x77, 0xff, 0xff, 0xff, 0xff, 0xff, 0xff, 0xff, 0xff, 0xff, 0xff, 0xff,
    0xff, 0xff, 0xff, 0xff, 0xff, 0xff, 0xff, 0xff, 0xff, 0xf7, 0xbf, 0xa7, 0xfa, 0x79, 0xfb, 0xe0, 0x67, 0xff, 0xff,
    0xff, 0xff, 0xff, 0xff, 0xff, 0xff, 0xff, 0xff, 0xff, 0xff, 0xff, 0xff, 0xff, 0xff, 0xff, 0xff, 0xff, 0xff, 0xf3,
    0xfb, 0xff, 0xee, 0x73, 0xfa, 0xf0, 0x77, 0xff, 0xff, 0xff, 0xff, 0xff, 0xff, 0xff, 0xff, 0xff, 0xff, 0xff, 0xff,
    0xff, 0xff, 0xff, 0xff, 0xff, 0xff, 0xff, 0xff, 0xf3, 0xff, 0x7d, 0xbe, 0x73, 0xff, 0xf8, 0x73, 0xff, 0xff, 0xff,
    0xff, 0xff, 0xff, 0xff, 0xff, 0xff, 0xff, 0xff, 0xff, 0xff, 0xff, 0xff, 0xff, 0xff, 0xff, 0xff, 0xff, 0xf9, 0xfd,
    0xf7, 0xfe, 0x67, 0x01, 0xfc, 0xf3, 0xff, 0xff, 0xff, 0xff, 0xff, 0xff, 0xff, 0xff, 0xff, 0xff, 0xff, 0xff, 0xff,
    0xff, 0xff, 0xff, 0xff, 0xff, 0xff, 0xff, 0xf8, 0xef, 0xff, 0xfe, 0x66, 0x00, 0xc6, 0xf3, 0xff, 0xff, 0xff, 0xff,
    0xff, 0xff, 0xff, 0xff, 0xff, 0xff, 0xff, 0xff, 0xff, 0xff, 0xff, 0xff, 0xff, 0xff, 0xff, 0xff, 0xfc, 0xff, 0xff,
    0xfc, 0x4c, 0x01, 0x03, 0xf3, 0xff, 0xff, 0xff, 0xff, 0xff, 0xff, 0xff, 0xff, 0xff, 0xff, 0xff, 0xff, 0xff, 0xff,
    0xff, 0xff, 0xff, 0xff, 0xff, 0xff, 0xfe, 0x7f, 0xab, 0x7c, 0xcc, 0x02, 0x17, 0xfb, 0xff, 0xff, 0xff, 0xff, 0xff,
    0xff, 0xff, 0xff, 0xff, 0xff, 0xff, 0xff, 0xff, 0xff, 0xff, 0xff, 0xff, 0xff, 0xff, 0xff, 0xfe, 0x3e, 0xff, 0xf1,
    0x99, 0xd1, 0x01, 0xf3, 0xff, 0xff, 0xff, 0xff, 0xff, 0xff, 0xff, 0xff, 0xff, 0xff, 0xff, 0xff, 0xff, 0xff, 0xff,
    0xff, 0xff, 0xff, 0xff, 0xff, 0xff, 0x8f, 0xff, 0xc3, 0x1f, 0xfd, 0x21, 0xfb, 0xff, 0xff, 0xff, 0xff, 0xff, 0xff,
    0xff, 0xff, 0xff, 0xff, 0xff, 0xff, 0xff, 0xff, 0xff, 0xff, 0xff, 0xff, 0xff, 0xff, 0xff, 0xc1, 0xfe, 0x07, 0x3f,
    0xfe, 0x09, 0xf3, 0xff, 0xff, 0xff, 0xff, 0xff, 0xff, 0xff, 0xff, 0xff, 0xff, 0xff, 0xff, 0xff, 0xff, 0xff, 0xff,
    0xff, 0xff, 0xff, 0xff, 0xff, 0xf0, 0x00, 0x1e, 0x7e, 0xda, 0x07, 0xd3, 0xff, 0xff, 0xff, 0xff, 0xff, 0xff, 0xff,
    0xff, 0xff, 0xff, 0xff, 0xff, 0xff, 0xff, 0xff, 0xff, 0xff, 0xff, 0xff, 0xff, 0xff, 0xff, 0x83, 0xfc, 0xfb, 0xff,
    0xe7, 0xf3, 0xff, 0xff, 0xff, 0xff, 0xff, 0xff, 0xff, 0xff, 0xff, 0xff, 0xff, 0xff, 0xff, 0xff, 0xff, 0xff, 0xff,
    0xff, 0xff, 0xff, 0xff, 0xff, 0xff, 0xfc, 0xff, 0xbf, 0xe7, 0xf3, 0xff, 0xff, 0xff, 0xff, 0xff, 0xff, 0xff, 0xff,
    0xff, 0xff, 0xff, 0xff, 0xff, 0xff, 0xff, 0xff, 0xff, 0xff, 0xff, 0xff, 0xff, 0xff, 0xff, 0xf9, 0xde, 0xf7, 0xff,
    0xf3, 0xff, 0xff, 0xff, 0xff, 0xff, 0xff, 0xff, 0xff, 0xff, 0xff, 0xff, 0xff, 0xff, 0xff, 0xff, 0xff, 0xff, 0xff,
    0xff, 0xff, 0xff, 0xff, 0xff, 0xf9, 0xff, 0xdf, 0xbf, 0xf3, 0xff, 0xff, 0xff, 0xff, 0xff, 0xff, 0xff, 0xff, 0xff,
    0xff, 0xff, 0xff, 0xff, 0xff, 0xff, 0xff, 0xff, 0xff, 0xff, 0xff, 0xff, 0xff, 0xff, 0xfb, 0xdb, 0x7e, 0xff, 0xe7,
    0xff, 0xff, 0xff, 0xff, 0xff, 0xff, 0xff, 0xff, 0xff, 0xff, 0xff, 0xff, 0xff, 0xff, 0xff, 0xff, 0xff, 0xff, 0xff,
    0xff, 0xff, 0xff, 0xff, 0xfb, 0xf9, 0xfb, 0xf7, 0xb7, 0xff, 0xff, 0xff, 0xff, 0xff, 0xff, 0xff, 0xff, 0xff, 0xff,
    0xff, 0xff, 0xff, 0xff, 0xff, 0xff, 0xff, 0xff, 0xff, 0xff, 0xff, 0xff, 0xff, 0xf3, 0x6c, 0x6f, 0xdf, 0xe7, 0xff,
    0xff, 0xff, 0xff, 0xff, 0xff, 0xff, 0xff, 0xff, 0xff, 0xff, 0xff, 0xff, 0xff, 0xff, 0xff, 0xff, 0xff, 0xff, 0xff,
    0xff, 0xff, 0xff, 0xf3, 0xff, 0xff, 0x7f, 0xe7, 0xff, 0xff, 0xff, 0xff, 0xff, 0xff, 0xff, 0xff, 0xff, 0xff, 0xff,
    0xff, 0xff, 0xff, 0xff, 0xff, 0xff, 0xff, 0xff, 0xff, 0xff, 0xff, 0xff, 0xf3, 0xff, 0xdb, 0xff, 0xcf, 0xff, 0xff,
    0xff, 0xff, 0xff, 0xff, 0xff, 0xff, 0xff, 0xff, 0xff, 0xff, 0xff, 0xff, 0xff, 0xff, 0xff, 0xff, 0xff, 0xff, 0xff,
    0xff, 0xff, 0xf3, 0xef, 0x7f, 0xfa, 0x1f, 0xff, 0xff, 0xff, 0xff, 0xff, 0xff, 0xff, 0xff, 0xff, 0xff, 0xff, 0xff,
    0xff, 0xff, 0xff, 0xff, 0xff, 0xff, 0xff, 0xff, 0xff, 0xff, 0xff, 0xf3, 0xfd, 0xfd, 0xfe, 0x3f, 0xff, 0xff, 0xff,
    0xff, 0xff, 0xff, 0xff, 0xff, 0xff, 0xff, 0xff, 0xff, 0xff, 0xff, 0xff, 0xff, 0xff, 0xff, 0xff, 0xff, 0xff, 0xff,
    0xff, 0xf7, 0xbf, 0xff, 0xfe, 0x7f, 0xff, 0xff, 0xff, 0xff, 0xff, 0xff, 0xff, 0xff, 0xff, 0xff, 0xff, 0xff, 0xff,
    0xff, 0xff, 0xff, 0xff, 0xff, 0xff, 0xff, 0xff, 0xff, 0xff, 0xf3, 0xfb, 0xef, 0xec, 0xff, 0xff, 0xff, 0xff, 0xff,
    0xff, 0xff, 0xff, 0xff, 0xff, 0xff, 0xff, 0xff, 0xff, 0xff, 0xff, 0xff, 0xff, 0xff, 0xff, 0xff, 0xff, 0xff, 0xff,
    0xf3, 0xfe, 0xbf, 0xbc, 0xff, 0xff, 0xff, 0xff, 0xff, 0xff, 0xff, 0xff, 0xff, 0xff, 0xff, 0xff, 0xff, 0xff, 0xff,
    0xff, 0xff, 0xff, 0xff, 0xff, 0xff, 0xff, 0xff, 0xff, 0xf9, 0xef, 0xfd, 0xf1, 0xff, 0xff, 0xff, 0xff, 0xff, 0xff,
    0xff, 0xff, 0xff, 0xff, 0xff, 0xff, 0xff, 0xff, 0xff, 0xff, 0xff, 0xff, 0xff, 0xff, 0xff, 0xff, 0xff, 0xff, 0xf8,
    0x7f, 0xef, 0xe3, 0xff, 0xff, 0xff, 0xff, 0xff, 0xff, 0xff, 0xff, 0xff, 0xff, 0xff, 0xff, 0xff, 0xff, 0xff, 0xff,
    0xff, 0xff, 0xff, 0xff, 0xff, 0xff, 0xff, 0xff, 0xfe, 0x0f, 0xff, 0x07, 0xff, 0xff, 0xff, 0xff, 0xff, 0xff, 0xff,
    0xff, 0xff, 0xff, 0xff, 0xff, 0xff, 0xff, 0xff, 0xff, 0xff, 0xff, 0xff, 0xff, 0xff, 0xff, 0xff, 0xff, 0xff, 0x80,
    0x00, 0x1f, 0xff, 0xff, 0xff, 0xff, 0xff, 0xff, 0xff, 0xff, 0xff, 0xff, 0xff, 0xff, 0xff, 0xff, 0xff, 0xff, 0xff,
    0xff, 0xff, 0xff, 0xff, 0xff, 0xff, 0xff, 0xff, 0xfc, 0x01, 0xff, 0xff, 0xff, 0xff, 0xff, 0xff, 0xff, 0xff, 0xff,
    0xff, 0xff, 0xff, 0xff, 0xff, 0xff, 0xff, 0xff, 0xff, 0xff, 0xff, 0xff, 0xff, 0xff, 0xff, 0xff, 0xff, 0xff, 0xff,
    0xff, 0xff, 0xff, 0xff, 0xff, 0xff, 0xff, 0xff, 0xff, 0xff, 0xff, 0xff, 0xff, 0xff, 0xff, 0xff, 0xff, 0xff, 0xff,
    0xff, 0xff, 0xff, 0xff, 0xff, 0xff, 0xff, 0xff, 0xff, 0xff, 0xff, 0xff, 0xff, 0xff, 0xff, 0xff, 0xff, 0xff, 0xff,
    0xff, 0xff, 0xff,
};
static_assert(sizeof(MASCOT_DARK_BITMAP) == MASCOT_WIDTH * MASCOT_HEIGHT / 8);
